name,cohort,historical_wall_s,historical_cpu_s,baseline_wall_s,baseline_cpu_s,final_wall_s,final_cpu_s,baseline-repeat_wall_s,baseline-repeat_cpu_s,final-repeat_wall_s,final-repeat_cpu_s
a_base_that_moves_during_the_gate_is_a_conflict_for_the_story_never_a_halt,added,,,18.676839,10.438824,56.411910,15.498336,,,,
a_branch_that_already_contains_main_is_certified_via_its_own_receipt,old,2.278067,1.381495,1.271622,1.033405,6.371298,1.568041,,,,
a_changed_tier_receipt_does_not_certify_a_merge_even_for_the_exact_tree,old,3.753262,2.205395,2.073742,1.647300,8.991907,2.374638,,,,
a_configured_gate_runs_with_the_argv_it_was_named_with,added,,,23.781972,10.917284,64.809136,13.268833,,,,
a_configured_gate_that_certifies_through_the_production_writer_proceeds_to_landing,added,,,111.476360,16.840881,26.111298,13.016532,42.169965,21.810440,40.880557,21.746453
a_configured_gate_that_exits_green_but_certifies_nothing_is_refused_before_landing,added,,,32.346302,13.613980,16.085250,11.005963,,,,
a_conflict_on_a_head_that_stayed_put_is_still_reported_as_a_conflict,added,,,19.244867,8.302100,10.842611,7.208691,,,,
a_conflict_verdict_is_discarded_when_only_the_branch_has_moved,added,,,16.325731,8.364029,14.430130,7.919305,,,,
a_conflict_verdict_is_discarded_when_the_head_moves_before_it_is_posted,added,,,9.916717,6.391376,12.346598,7.304403,,,,
a_gate_is_refused_before_it_starts_while_its_measured_disk_is_not_free,added,,,1.787608,0.718879,2.055901,0.827829,,,,
a_gate_records_its_disk_use_and_keeps_the_last_five,added,,,2.853027,1.865891,2.956713,2.051019,,,,
a_gate_terminated_by_signal_is_infrastructure_never_red,added,,,2.799907,1.864887,3.278470,2.081192,,,,
a_head_branch_absent_from_origin_is_an_invalid_submission,added,,,4.235665,1.804633,3.453147,1.979770,,,,
a_new_commit_after_certification_produces_an_uncertified_tree_again,old,3.847921,1.987933,2.090533,1.648319,2.029187,1.556775,,,,
a_pull_ref_disagreeing_with_the_api_is_retryable_not_permanent,added,,,3.579480,2.051019,3.206669,1.895521,,,,
a_pull_ref_lagging_its_branch_is_retried_not_reported_as_a_conflict,added,,,5.802679,2.170706,3.265556,1.938464,,,,
a_pull_request_on_the_wrong_base_is_an_invalid_submission_before_any_gate_runs,added,,,6.090953,3.183670,6.518947,3.242790,,,,
a_recheck_that_finds_a_different_pr_or_a_closed_one_posts_no_verdict,added,,,17.327460,10.263696,15.689166,10.450558,,,,
a_red_gate_whose_test_left_an_orphan_is_red_not_infrastructure,added,,,6.309248,4.057841,7.694949,4.336568,,,,
a_red_on_a_head_that_stayed_put_is_still_reported_as_tests_failed,added,,,19.719573,10.621289,16.372113,10.614224,,,,
a_red_verdict_is_discarded_when_the_head_moves_during_the_gate,added,,,17.072661,10.001257,12.870808,9.541946,,,,
a_terminated_verifier_reports_the_termination_and_leaves_no_completion_record,added,,,3.656719,2.480411,3.118832,2.284747,,,,
a_textual_conflict_is_reported_distinctly_and_prints_no_tree,old,1.369897,0.779337,1.428418,0.873907,1.264550,0.901197,,,,
an_agreed_head_proceeds_whether_or_not_it_conflicts,added,,,6.007156,3.787043,6.052225,4.127457,,,,
an_uncertified_merge_tree_is_reported_as_uncertified_and_names_it,old,0.984514,0.583331,0.520344,0.451186,0.566237,0.472962,,,,
caller_owned_objects_remain_resolvable_and_source_owned_paths_are_refused,old,1.540990,0.840564,0.696215,0.587830,0.761024,0.625749,,,,
certifying_the_predicted_tree_through_the_production_writer_clears_it,old,2.162839,1.354786,1.496160,1.186505,2.374897,1.344548,,,,
durable_landing_phase_checks_admitted_head_and_tree_before_sending_a_merge,added,,,40.884815,18.551656,43.881889,18.741645,,,,
durable_landing_recovery_never_resends_and_requires_exact_merged_evidence,added,,,21.939377,13.829804,23.940008,14.503682,,,,
foreign_gate_lifecycle_is_running_inside_the_command_then_records_its_exit,added,,,5.707671,3.916387,6.843599,4.280200,,,,
foreign_gate_lifecycle_preserves_completed_exit_when_cleanup_is_signalled,added,,,7.991193,4.578099,9.406662,4.863087,,,,
foreign_gate_registers_its_exact_attempt_log_before_ordinary_output,added,,,5.057022,3.504328,8.073028,4.256987,,,,
gate_configuration_comes_from_the_pinned_merge_not_the_registered_checkout,added,,,14.668010,11.026632,14.785147,10.771100,,,,
gate_snapshot_distinguishes_project_configuration_from_git_failure,added,,,2.347698,1.445969,2.186758,1.302988,,,,
gate_snapshot_judges_a_configuration_longer_than_the_diagnostic_bound_whole,added,,,1.899491,1.076634,1.826142,1.051526,,,,
gate_snapshot_resolves_only_committed_files_and_in_tree_symlinks,added,,,4.469492,2.859142,3.902602,2.788396,,,,
landing_refusal_keeps_missing_proof_and_changed_identity_distinct,old,1.513948,1.271445,7.941120,3.002122,3.697168,2.548612,,,,
landing_refusal_recovers_only_the_certified_actual_merged_tree,old,3.728850,3.080124,17.829914,5.287079,35.945627,6.859180,,,,
landing_refusal_reports_a_conflict_in_the_refreshed_tree,old,0.609267,0.517200,2.859528,1.675292,7.003424,2.440352,,,,
landing_refusal_retries_only_a_new_tree_for_the_same_submission,old,1.769996,1.428964,9.346479,4.848130,10.409923,5.540396,,,,
missing_arguments_are_refused_with_a_usage_message,old,0.203921,0.170326,0.342582,0.202636,0.229186,0.197481,,,,
pinned_invalid_gate_is_a_project_fault_before_any_execution,added,,,13.261494,7.518350,15.353479,9.495222,,,,
preflight_and_speculative_run_succeed_with_immutable_source_objects,old,1.495812,1.241165,5.038445,2.841945,6.140081,3.356070,,,,
preflight_owns_and_cleans_speculative_objects_without_inserting_them_in_source,old,0.465889,0.390198,0.923810,0.620225,1.285960,0.729401,,,,
private_repair_admission_precedes_gate_and_fails_closed,added,,,64.040922,41.142795,70.644390,44.924869,63.791689,40.765870,54.085681,36.408945
same_tree_verification_attempts_keep_distinct_logs,old,1.630476,1.287166,6.192493,3.585755,5.171388,3.582432,,,,
speculative_git_directory_cannot_be_inferred_as_bare,old,0.914124,0.716936,2.908441,1.757212,2.854849,1.655549,,,,
speculative_run_accepts_the_symbolic_base_ref_used_by_the_verifier,old,0.958557,0.786464,3.295947,1.974848,2.886535,1.684481,,,,
speculative_run_forwards_hup_and_term_and_cleans_before_reraising,old,1.490525,1.184933,14.948048,9.539193,14.093789,8.853957,,,,
speculative_run_keeps_shared_worktree_refs_resolvable_while_gate_is_blocked,old,1.503109,1.211574,3.310864,2.343044,3.036271,2.355536,,,,
speculative_run_preserves_clean_shared_poller_when_base_ref_advances,old,1.552011,1.289342,6.808282,3.556577,6.080464,3.713926,,,,
speculative_run_recovers_a_poller_whose_private_head_is_unavailable,old,0.941054,0.788393,3.359895,2.078579,3.202905,1.896670,,,,
speculative_run_refuses_invalid_cleanup_budgets_before_mutation,added,,,0.891319,0.745391,0.798866,0.712023,,,,
speculative_run_uses_the_exact_tree_and_restores_after_success_or_failure,old,2.109676,1.721154,11.010471,4.908829,7.456885,4.047990,,,,
structured_preflight_distinguishes_missing_insufficient_and_certified_receipts,added,,,4.082638,3.137575,3.559567,3.039777,,,,
structured_preflight_never_calls_reader_failures_missing_certification,added,,,0.871808,0.528771,0.554760,0.480445,,,,
the_first_gate_runs_without_a_floor_and_leaves_the_first_measurement,added,,,3.096832,2.065822,7.444259,2.969269,,,,
the_predicted_tree_matches_a_real_merges_tree_exactly,old,0.845255,0.585126,0.609003,0.521146,2.500974,1.005029,,,,
the_public_path_refuses_to_run_without_a_named_gate,added,,,2.324219,0.931527,6.505481,1.743658,,,,
verifier_bounds_each_diagnostic_class_without_changing_its_meaning,old,2.086366,1.435785,6.669003,4.089578,18.494870,7.556152,,,,
verifier_distinguishes_poller_preparation_failure_from_test_failure,old,3.060237,2.457943,9.287378,4.814599,11.966410,6.754307,,,,
verifier_does_not_promote_test_output_to_compiler_diagnostics,added,,,4.349632,2.205523,2.940252,2.263748,,,,
verifier_holds_the_gate_across_the_complete_speculative_run,old,1.584028,1.073265,2.787709,2.041515,2.813785,2.038397,,,,
verifier_metadata_accepts_false_booleans_without_confusing_them_for_absence,old,1.189494,0.717061,0.693827,0.537071,0.582503,0.496841,,,,
verifier_names_a_failure_before_hundreds_of_not_rerun_entries,old,2.665547,1.778317,4.205995,2.489956,2.858375,2.059248,,,,
verifier_preserves_the_landing_scripts_terminal_classifications,old,0.804928,0.451810,4.343308,1.066463,4.029023,1.050923,,,,
verifier_preserves_tracked_edits_before_and_during_the_gate,old,8.666258,5.522699,15.173923,7.468999,17.142475,9.471971,,,,
verifier_rebuilds_legacy_private_object_metadata_before_fetch,old,2.519437,1.272706,14.187117,3.352838,4.087049,2.146905,,,,
verifier_reports_a_failed_gate_without_inventing_a_diagnosis,old,7.005615,1.487993,10.295060,3.132385,3.876193,2.074807,,,,
verifier_reports_unreadable_compiler_evidence_without_inventing_errors,added,,,8.233192,3.080886,2.871895,2.057747,,,,
verifier_restart_recovers_only_a_certified_merge_on_the_current_base,old,12.642878,2.153663,7.816920,2.628168,4.814643,1.893364,,,,
