# SH-830 first measurements: every recorded verifier dequeue, 2026-09-12 to 2026-09-28, replayed
# through service::batch_preview::select with the private-object trial merger, uncapped (cap 99).
# Method and limits: docs/spec/verification-batching.md, As built, SH-830.
# queued: story=commit in queue order. members/excluded: the preview. gate_tree: the tree the real
# gate judged (GREEN/RED comment); head_tree equal to it validates the row's base and head.
dequeued_at	head	head_commit	base_commit	base_history	queued	verdict	gate_tree	outcome	head_tree	members	excluded
2026-09-12T02:11:14Z	SH-690	aea70c156e3f86094b9464448fc8a3f012373f48	dd67d579b9d637df0387af817ab311117d498e22	recovery/pre-scrub-dev-20260920	-	-	-	batch	ad953f3996465adc47d3904bb0f7124104251301	SH-690	-
2026-09-12T02:11:30Z	SH-690	aea70c156e3f86094b9464448fc8a3f012373f48	dd67d579b9d637df0387af817ab311117d498e22	recovery/pre-scrub-dev-20260920	-	-	-	batch	ad953f3996465adc47d3904bb0f7124104251301	SH-690	-
2026-09-12T18:17:36Z	SH-693	b8610b39932ec3a1dbc114f234f2c836ee05ff84	ac7f2aef2b39bb7afbf8a59c0d62289789c79765	recovery/pre-scrub-dev-20260920	-	infrastructure	-	batch	dfd44c785faf52ae04511e5651c3f72fea253187	SH-693	-
2026-09-12T18:50:06Z	SH-693	b8610b39932ec3a1dbc114f234f2c836ee05ff84	ac7f2aef2b39bb7afbf8a59c0d62289789c79765	recovery/pre-scrub-dev-20260920	-	infrastructure	-	batch	dfd44c785faf52ae04511e5651c3f72fea253187	SH-693	-
2026-09-12T18:53:24Z	SH-693	4bd6bc636f99ee2131105f51717ab1019fa83eb6	ac7f2aef2b39bb7afbf8a59c0d62289789c79765	recovery/pre-scrub-dev-20260920	-	infrastructure	-	batch	15eb7ca768ddac6a458e375604719cf9996658b6	SH-693	-
2026-09-12T19:31:49Z	SH-693	e41d66b27232a45960196d5e9cae75e96a62af83	ac7f2aef2b39bb7afbf8a59c0d62289789c79765	recovery/pre-scrub-dev-20260920	-	red	7d8c74f5d3b2de80fe6e44c1db2e89ff4dd98247	batch	7d8c74f5d3b2de80fe6e44c1db2e89ff4dd98247	SH-693	-
2026-09-12T20:26:27Z	SH-692	842a59a5948187e7b7ffe6bcd172df67415c8872	39428e56792f89eca9969fa937bd75e3c41a626e	recovery/pre-scrub-dev-20260920	-	infrastructure	-	batch	7516dd16797442e6cc3f469b684d376427c22072	SH-692	-
2026-09-12T21:10:54Z	SH-692	842a59a5948187e7b7ffe6bcd172df67415c8872	39428e56792f89eca9969fa937bd75e3c41a626e	recovery/pre-scrub-dev-20260920	SH-694=1ad0e2731f014bd5dafa0312edbc622435a7c2d2 SH-697=59bc826954506a01cec7c8c5af4f1c7e32f145e9 SH-695=1d9d59e1d9af6eefafaf294d8952eaf61a40dd2a SH-691=4fbcc26f032cbfdf8e6c361de65fe917245b416e	infrastructure	-	batch	7516dd16797442e6cc3f469b684d376427c22072	SH-692 SH-694 SH-697 SH-695	SH-691:conflict-with-member
2026-09-12T22:43:07Z	SH-694	1ad0e2731f014bd5dafa0312edbc622435a7c2d2	39428e56792f89eca9969fa937bd75e3c41a626e	recovery/pre-scrub-dev-20260920	SH-697=59bc826954506a01cec7c8c5af4f1c7e32f145e9 SH-695=1d9d59e1d9af6eefafaf294d8952eaf61a40dd2a SH-691=4fbcc26f032cbfdf8e6c361de65fe917245b416e SH-679=a9a17eed12b56816f8b63a89d09c9f88edd1ea39	infrastructure	-	batch	147d60930bb562bdca81e0660840ed2dc2a4fdd3	SH-694 SH-697 SH-695 SH-679	SH-691:conflict-with-member
2026-09-12T22:44:00Z	SH-694	1ad0e2731f014bd5dafa0312edbc622435a7c2d2	39428e56792f89eca9969fa937bd75e3c41a626e	recovery/pre-scrub-dev-20260920	SH-697=59bc826954506a01cec7c8c5af4f1c7e32f145e9 SH-695=1d9d59e1d9af6eefafaf294d8952eaf61a40dd2a SH-691=4fbcc26f032cbfdf8e6c361de65fe917245b416e SH-679=a9a17eed12b56816f8b63a89d09c9f88edd1ea39	-	-	batch	147d60930bb562bdca81e0660840ed2dc2a4fdd3	SH-694 SH-697 SH-695 SH-679	SH-691:conflict-with-member
2026-09-12T22:55:36Z	SH-697	59bc826954506a01cec7c8c5af4f1c7e32f145e9	ac43aef9a1d58c8d4e73b083685425a6ba2a3db2	recovery/pre-scrub-dev-20260920	SH-695=1d9d59e1d9af6eefafaf294d8952eaf61a40dd2a SH-691=4fbcc26f032cbfdf8e6c361de65fe917245b416e SH-679=a9a17eed12b56816f8b63a89d09c9f88edd1ea39	infrastructure	-	batch	bf849f7cb510244f632e0b8ef0ae99a9851b2e59	SH-697 SH-695 SH-679	SH-691:conflict-with-member
2026-09-12T22:56:39Z	SH-695	1d9d59e1d9af6eefafaf294d8952eaf61a40dd2a	5b46c59d9a0b2d579e61af57da76b7405c9c4041	recovery/pre-scrub-dev-20260920	SH-691=4fbcc26f032cbfdf8e6c361de65fe917245b416e SH-679=a9a17eed12b56816f8b63a89d09c9f88edd1ea39	red	d2e9b49b9142248a636a05f634c968517092f42e	batch	d2e9b49b9142248a636a05f634c968517092f42e	SH-695 SH-679	SH-691:conflict-with-member
2026-09-12T22:57:03Z	SH-691	4fbcc26f032cbfdf8e6c361de65fe917245b416e	e62c2b68dcc4f5da4ecbb2ad392f774b39a6bb1c	recovery/pre-scrub-dev-20260920	SH-679=a9a17eed12b56816f8b63a89d09c9f88edd1ea39	conflict	-	head-conflict	-	SH-691	-
2026-09-12T23:01:43Z	SH-691	4fbcc26f032cbfdf8e6c361de65fe917245b416e	c0e6e5626e80bd68ded8b29f9091fb41ba15b85d	recovery/pre-scrub-dev-20260920	SH-692=b35b6015ca96e0028c202850ac50782a9b302079 SH-679=a9a17eed12b56816f8b63a89d09c9f88edd1ea39	conflict	-	head-conflict	-	SH-691	-
2026-09-12T23:04:04Z	SH-691	c696ce4f88233ae0f575e5e387a406820158ae77	c0e6e5626e80bd68ded8b29f9091fb41ba15b85d	recovery/pre-scrub-dev-20260920	SH-692=b35b6015ca96e0028c202850ac50782a9b302079 SH-679=a9a17eed12b56816f8b63a89d09c9f88edd1ea39	red	38bfbaa706f2c0c5a548b08fd34edbd6b283ab3e	batch	38bfbaa706f2c0c5a548b08fd34edbd6b283ab3e	SH-691 SH-692 SH-679	-
2026-09-12T23:04:16Z	SH-692	b35b6015ca96e0028c202850ac50782a9b302079	c0e6e5626e80bd68ded8b29f9091fb41ba15b85d	recovery/pre-scrub-dev-20260920	SH-679=a9a17eed12b56816f8b63a89d09c9f88edd1ea39	red	cdd4834ab1e637ca47aaa86836bace9387ac6134	batch	cdd4834ab1e637ca47aaa86836bace9387ac6134	SH-692 SH-679	-
2026-09-12T23:04:33Z	SH-679	a9a17eed12b56816f8b63a89d09c9f88edd1ea39	c0e6e5626e80bd68ded8b29f9091fb41ba15b85d	recovery/pre-scrub-dev-20260920	-	red	377d5827e818616735dcdd937bf2ee950e2dfb1a	batch	377d5827e818616735dcdd937bf2ee950e2dfb1a	SH-679	-
2026-09-12T23:51:16Z	SH-698	c6ad2a9cc43940d7529b14cdfebf1a63a12f41b6	db827a0224a02e2f666fa0c095b4c29f20f0a304	recovery/pre-scrub-dev-20260920	-	red	fc933c76367e3ad1935dbe8e8329afe564a07e12	batch	fc933c76367e3ad1935dbe8e8329afe564a07e12	SH-698	-
2026-09-13T00:15:37Z	SH-705	720c9edfc0abdb6625df0882ec750a7620d88ba0	db827a0224a02e2f666fa0c095b4c29f20f0a304	recovery/pre-scrub-dev-20260920	-	red	6caa954ec863207fb79553378bcc6f59ce52f251	batch	6caa954ec863207fb79553378bcc6f59ce52f251	SH-705	-
2026-09-13T00:29:06Z	SH-698	574286228539665fd378f47a9d12c524e9ebd395	db827a0224a02e2f666fa0c095b4c29f20f0a304	recovery/pre-scrub-dev-20260920	-	green	caf31f1f2121facdd91954a1fc2eab0edc7c0dc4	batch	caf31f1f2121facdd91954a1fc2eab0edc7c0dc4	SH-698	-
2026-09-13T01:03:59Z	SH-705	e18382df02144a80fa490d3cba89f040d983f4dd	d3a01a0e25815c388f6ad95d4b697dfcd86adedf	recovery/pre-scrub-dev-20260920	-	red	00ce9ba9a30ee5a0580eac21e4ba11efc8120077	batch	00ce9ba9a30ee5a0580eac21e4ba11efc8120077	SH-705	-
2026-09-13T01:41:25Z	SH-703	400770bfd8a7e42b3b1094a156f5422d875d89af	62ee19f1c90da383ab460f1637739ba135accc06	recovery/pre-scrub-dev-20260920	SH-699=1a85ba4bdc44be2347bf2928709f5e1fe331546d	red	ffdaf6f730f3aa9c216d8b3907695e8d73eba7ca	batch	ffdaf6f730f3aa9c216d8b3907695e8d73eba7ca	SH-703 SH-699	-
2026-09-13T01:53:02Z	SH-702	6a63675d9221e03edb4ac43da83242a744c39e81	62ee19f1c90da383ab460f1637739ba135accc06	recovery/pre-scrub-dev-20260920	SH-699=1a85ba4bdc44be2347bf2928709f5e1fe331546d	red	3fc5911f2ced5cb1f79aafdff57e34e725efa3ea	batch	3fc5911f2ced5cb1f79aafdff57e34e725efa3ea	SH-702 SH-699	-
2026-09-13T02:16:24Z	SH-703	400770bfd8a7e42b3b1094a156f5422d875d89af	62ee19f1c90da383ab460f1637739ba135accc06	recovery/pre-scrub-dev-20260920	SH-699=1a85ba4bdc44be2347bf2928709f5e1fe331546d	red	9bff5c4cc9531b9b92e04721f5d8e5c84a675215	batch	ffdaf6f730f3aa9c216d8b3907695e8d73eba7ca	SH-703 SH-699	-
2026-09-13T02:39:29Z	SH-702	557f82040ec58711b9a92b808cca99b502f554bc	62ee19f1c90da383ab460f1637739ba135accc06	recovery/pre-scrub-dev-20260920	SH-699=1a85ba4bdc44be2347bf2928709f5e1fe331546d	green	777296317b7c548d5ce34f7bbd2e54d49ed8ee60	batch	777296317b7c548d5ce34f7bbd2e54d49ed8ee60	SH-702	SH-699:conflict-with-member
2026-09-13T03:07:18Z	SH-703	4cf64cab7c3375ea5021e8b51255fc3bf9bbd885	cb40a262215168a8b965e3782427ae00311db4c6	recovery/pre-scrub-dev-20260920	SH-699=1a85ba4bdc44be2347bf2928709f5e1fe331546d	conflict	-	head-conflict	-	SH-703	-
2026-09-13T03:16:46Z	SH-703	141a93256a6eb21503330ee54ec5f4e71f0bd98b	cb40a262215168a8b965e3782427ae00311db4c6	recovery/pre-scrub-dev-20260920	SH-699=1a85ba4bdc44be2347bf2928709f5e1fe331546d	green	4ce7b7c82ccddb57f13ee48014d0de4ac6305e5b	batch	4ce7b7c82ccddb57f13ee48014d0de4ac6305e5b	SH-703	SH-699:conflict-with-base
2026-09-13T03:51:42Z	SH-699	1a85ba4bdc44be2347bf2928709f5e1fe331546d	6f14e482cfde47b077eb71ebb3a421e3dddfc1d6	recovery/pre-scrub-dev-20260920	-	conflict	-	head-conflict	-	SH-699	-
2026-09-13T04:04:02Z	SH-699	73176acd2c40b5a1b304a24554ab7a8015a1eaba	6f14e482cfde47b077eb71ebb3a421e3dddfc1d6	recovery/pre-scrub-dev-20260920	SH-712=4bf7ed62054c16f0f4587d85888ea28ad7c87b7b	green	183fcd0f26c34b8da6b0ad7e4b4489f7c85a30c9	batch	183fcd0f26c34b8da6b0ad7e4b4489f7c85a30c9	SH-699 SH-712	-
2026-09-13T04:41:19Z	SH-712	4bf7ed62054c16f0f4587d85888ea28ad7c87b7b	7c7f139522f3eb27aba1ac6d2532295e50c301c6	recovery/pre-scrub-dev-20260920	SH-708=36cb3d076367c0caf398b2c59aae663f10b6bbc8 SH-700=0b4546b0e65ba0d88a7a3cdccb6f2dced55cbac7	green	b274ed57ede447ff2b7897fa4aabd3f0817d9593	batch	b274ed57ede447ff2b7897fa4aabd3f0817d9593	SH-712	SH-708:conflict-with-member SH-700:conflict-with-base
2026-09-13T05:15:41Z	SH-708	36cb3d076367c0caf398b2c59aae663f10b6bbc8	5315307b39d04ca369a36c6400ec68890fa60f8b	recovery/pre-scrub-dev-20260920	SH-700=0b4546b0e65ba0d88a7a3cdccb6f2dced55cbac7	conflict	-	head-conflict	-	SH-708	-
2026-09-13T05:22:51Z	SH-708	36cb3d076367c0caf398b2c59aae663f10b6bbc8	5315307b39d04ca369a36c6400ec68890fa60f8b	recovery/pre-scrub-dev-20260920	SH-700=0b4546b0e65ba0d88a7a3cdccb6f2dced55cbac7	red	faaeb438907b802661a4605cd9505b2858a0303f	head-conflict	-	SH-708	-
2026-09-13T05:38:41Z	SH-700	0b4546b0e65ba0d88a7a3cdccb6f2dced55cbac7	5315307b39d04ca369a36c6400ec68890fa60f8b	recovery/pre-scrub-dev-20260920	-	conflict	-	head-conflict	-	SH-700	-
2026-09-13T05:48:10Z	SH-700	27e8c0086f1dbadbdbe7d8aa5eda34bd2cf26a37	5315307b39d04ca369a36c6400ec68890fa60f8b	recovery/pre-scrub-dev-20260920	SH-708=4db7b4a8f3c429bd796dab53f0cae03b6927ef64	red	4256fd999426c10df1101c274e4193fb56a70032	batch	4256fd999426c10df1101c274e4193fb56a70032	SH-700 SH-708	-
2026-09-13T06:14:44Z	SH-708	4db7b4a8f3c429bd796dab53f0cae03b6927ef64	5315307b39d04ca369a36c6400ec68890fa60f8b	recovery/pre-scrub-dev-20260920	SH-713=1b04bd0a8514a5fffa8b5a33ea7a4626af632f7c SH-711=78e3e9dd01e48b08a6bd97e52d80a907f9df1f90 SH-701=0dd9ee527a1b12136a7b6b00810afe109d129685	green	a261087c071090dfc07f896ff7a9fe6786cfb877	batch	faaeb438907b802661a4605cd9505b2858a0303f	SH-708 SH-713 SH-711 SH-701	-
2026-09-13T06:51:30Z	SH-713	1b04bd0a8514a5fffa8b5a33ea7a4626af632f7c	29487b6a38256a13a6bf14c1e9afe0ccfba8594f	recovery/pre-scrub-dev-20260920	SH-711=78e3e9dd01e48b08a6bd97e52d80a907f9df1f90 SH-700=2281ec87a80ff020b776a71145cc1b5f45dff2d5 SH-709=afe64c3c1fb7d53d13ce5f86b87c30f2e16e5b9d SH-701=0dd9ee527a1b12136a7b6b00810afe109d129685 SH-706=592bfcee87db2a03c5d5dd809cf7393428a4cc34	red	941c8649b6a9d68f27177af081e5c0acb1669543	batch	941c8649b6a9d68f27177af081e5c0acb1669543	SH-713 SH-711 SH-701	SH-700:conflict-with-member SH-709:conflict-with-base SH-706:conflict-with-member
2026-09-13T06:52:49Z	SH-711	78e3e9dd01e48b08a6bd97e52d80a907f9df1f90	29487b6a38256a13a6bf14c1e9afe0ccfba8594f	recovery/pre-scrub-dev-20260920	SH-700=2281ec87a80ff020b776a71145cc1b5f45dff2d5 SH-709=afe64c3c1fb7d53d13ce5f86b87c30f2e16e5b9d SH-701=0dd9ee527a1b12136a7b6b00810afe109d129685 SH-706=592bfcee87db2a03c5d5dd809cf7393428a4cc34	red	3522a0647812d45c15f1f9ce9ebdf9a9da9112b7	batch	3522a0647812d45c15f1f9ce9ebdf9a9da9112b7	SH-711 SH-701	SH-700:conflict-with-member SH-709:conflict-with-base SH-706:conflict-with-member
2026-09-13T06:53:35Z	SH-700	2281ec87a80ff020b776a71145cc1b5f45dff2d5	29487b6a38256a13a6bf14c1e9afe0ccfba8594f	recovery/pre-scrub-dev-20260920	SH-709=afe64c3c1fb7d53d13ce5f86b87c30f2e16e5b9d SH-701=0dd9ee527a1b12136a7b6b00810afe109d129685 SH-706=592bfcee87db2a03c5d5dd809cf7393428a4cc34	red	34f10090b4fe6d5a557056b1c021ffe7573d61dc	batch	34f10090b4fe6d5a557056b1c021ffe7573d61dc	SH-700 SH-701	SH-709:conflict-with-base SH-706:conflict-with-member
2026-09-13T07:24:31Z	SH-709	afe64c3c1fb7d53d13ce5f86b87c30f2e16e5b9d	29487b6a38256a13a6bf14c1e9afe0ccfba8594f	recovery/pre-scrub-dev-20260920	SH-713=f1033f6c700ea4ec9a7b22d7959bce9ca502c681 SH-711=78e3e9dd01e48b08a6bd97e52d80a907f9df1f90 SH-701=0dd9ee527a1b12136a7b6b00810afe109d129685 SH-706=592bfcee87db2a03c5d5dd809cf7393428a4cc34	conflict	-	head-conflict	-	SH-709	-
2026-09-13T07:36:19Z	SH-709	afe64c3c1fb7d53d13ce5f86b87c30f2e16e5b9d	29487b6a38256a13a6bf14c1e9afe0ccfba8594f	recovery/pre-scrub-dev-20260920	SH-713=f1033f6c700ea4ec9a7b22d7959bce9ca502c681 SH-711=78e3e9dd01e48b08a6bd97e52d80a907f9df1f90 SH-701=0dd9ee527a1b12136a7b6b00810afe109d129685 SH-706=592bfcee87db2a03c5d5dd809cf7393428a4cc34	red	4e727992d1fac4e888a26126ed880e594c37c213	head-conflict	-	SH-709	-
2026-09-13T08:04:40Z	SH-713	f1033f6c700ea4ec9a7b22d7959bce9ca502c681	29487b6a38256a13a6bf14c1e9afe0ccfba8594f	recovery/pre-scrub-dev-20260920	SH-711=78e3e9dd01e48b08a6bd97e52d80a907f9df1f90 SH-700=95dd92a564f7555bb2714ac00dc807056fd65893 SH-701=0dd9ee527a1b12136a7b6b00810afe109d129685 SH-706=592bfcee87db2a03c5d5dd809cf7393428a4cc34	green	0425be3534f3d3acf791ddb249bc7644671b7223	batch	0425be3534f3d3acf791ddb249bc7644671b7223	SH-713 SH-711 SH-701	SH-700:conflict-with-member SH-706:conflict-with-member
2026-09-13T08:41:30Z	SH-711	78e3e9dd01e48b08a6bd97e52d80a907f9df1f90	1c75405b71a9dfef79dd489ae268e5a65f029ab1	recovery/pre-scrub-dev-20260920	SH-700=95dd92a564f7555bb2714ac00dc807056fd65893 SH-709=67a60157d220d7ac451823e737adf0982c88ced4 SH-701=0dd9ee527a1b12136a7b6b00810afe109d129685 SH-706=592bfcee87db2a03c5d5dd809cf7393428a4cc34	red	f437017f8e7baa0a68ad5ae4a1df83e9ca7dd7b1	batch	760bcef046238674b91dfca948453992fd145ee0	SH-711 SH-701	SH-700:conflict-with-member SH-709:conflict-with-member SH-706:conflict-with-member
2026-09-13T08:55:26Z	SH-700	95dd92a564f7555bb2714ac00dc807056fd65893	1c75405b71a9dfef79dd489ae268e5a65f029ab1	recovery/pre-scrub-dev-20260920	SH-709=67a60157d220d7ac451823e737adf0982c88ced4 SH-701=0dd9ee527a1b12136a7b6b00810afe109d129685 SH-706=592bfcee87db2a03c5d5dd809cf7393428a4cc34	infrastructure	-	batch	91510a8d8259339a99acf5524569e987bf70899a	SH-700 SH-701	SH-709:conflict-with-member SH-706:conflict-with-member
2026-09-13T09:32:32Z	SH-709	67a60157d220d7ac451823e737adf0982c88ced4	9cfe3d33a09e46feae10f8205a226aa069eefa7e	recovery/pre-scrub-dev-20260920	SH-711=214c8593073b76b23178dacf94545cf3da7144e1 SH-701=0dd9ee527a1b12136a7b6b00810afe109d129685 SH-706=592bfcee87db2a03c5d5dd809cf7393428a4cc34	conflict	-	head-conflict	-	SH-709	-
2026-09-13T10:18:49Z	SH-711	214c8593073b76b23178dacf94545cf3da7144e1	9cfe3d33a09e46feae10f8205a226aa069eefa7e	recovery/pre-scrub-dev-20260920	SH-701=0dd9ee527a1b12136a7b6b00810afe109d129685 SH-706=592bfcee87db2a03c5d5dd809cf7393428a4cc34	conflict	-	head-conflict	-	SH-711	-
2026-09-13T10:26:43Z	SH-711	3fc97e95efb2125592375117226aba020ee3e79e	9cfe3d33a09e46feae10f8205a226aa069eefa7e	recovery/pre-scrub-dev-20260920	SH-709=5573ab64d31ae0a4cb1e3918dc82966b7723266b SH-701=0dd9ee527a1b12136a7b6b00810afe109d129685 SH-706=592bfcee87db2a03c5d5dd809cf7393428a4cc34	red	bfe233c03962121b370e21a68a694b6c79590ed0	batch	bfe233c03962121b370e21a68a694b6c79590ed0	SH-711 SH-701	SH-709:conflict-with-member SH-706:conflict-with-base
2026-09-13T10:54:05Z	SH-709	5573ab64d31ae0a4cb1e3918dc82966b7723266b	9cfe3d33a09e46feae10f8205a226aa069eefa7e	recovery/pre-scrub-dev-20260920	SH-701=0dd9ee527a1b12136a7b6b00810afe109d129685 SH-706=592bfcee87db2a03c5d5dd809cf7393428a4cc34	green	3879ccbb85d636997eace97a1a5994de20391526	batch	3879ccbb85d636997eace97a1a5994de20391526	SH-709 SH-701	SH-706:conflict-with-base
2026-09-13T11:32:05Z	SH-711	0280cdb146eb6f82264afa5cfdd32488f9701d3a	6dd3b6f6896d90f901934240c66a4e57dc62d02d	recovery/pre-scrub-dev-20260920	SH-701=0dd9ee527a1b12136a7b6b00810afe109d129685 SH-706=592bfcee87db2a03c5d5dd809cf7393428a4cc34	red	e94c68233f129f9f679e569c3012cc46bcff052f	batch	e94c68233f129f9f679e569c3012cc46bcff052f	SH-711 SH-701	SH-706:conflict-with-base
2026-09-13T12:11:46Z	SH-701	0dd9ee527a1b12136a7b6b00810afe109d129685	6dd3b6f6896d90f901934240c66a4e57dc62d02d	recovery/pre-scrub-dev-20260920	SH-706=592bfcee87db2a03c5d5dd809cf7393428a4cc34	green	f5e950231e09cb84fe7429406cd0aa4263ea0a53	batch	f5e950231e09cb84fe7429406cd0aa4263ea0a53	SH-701	SH-706:conflict-with-base
2026-09-13T12:49:49Z	SH-711	8bfafa7abfdacbf7e12c95b0037f22effb5b4af5	d842d5abc882249cf2f1e85ff1317e0a85537805	recovery/pre-scrub-dev-20260920	SH-706=592bfcee87db2a03c5d5dd809cf7393428a4cc34	green	9e5f6901f3b9668c7052dd23a4ddcb8dee281202	batch	9e5f6901f3b9668c7052dd23a4ddcb8dee281202	SH-711	SH-706:conflict-with-base
2026-09-13T13:24:17Z	SH-706	592bfcee87db2a03c5d5dd809cf7393428a4cc34	ed684231b849d4d9f3e79948163805454aafebc4	recovery/pre-scrub-dev-20260920	-	conflict	-	head-conflict	-	SH-706	-
2026-09-13T13:40:06Z	SH-706	592bfcee87db2a03c5d5dd809cf7393428a4cc34	ed684231b849d4d9f3e79948163805454aafebc4	recovery/pre-scrub-dev-20260920	-	withdrawn	-	head-conflict	-	SH-706	-
2026-09-13T13:47:33Z	SH-706	5d532bd141f38aef71c7099b56c2b4db780a1c4d	ed684231b849d4d9f3e79948163805454aafebc4	recovery/pre-scrub-dev-20260920	-	green	4e3f6494d0c4482ac93f106a255243b489c5a9a3	batch	4e3f6494d0c4482ac93f106a255243b489c5a9a3	SH-706	-
2026-09-13T17:22:32Z	SH-714	74aefd03d63a054973756c5c02b6a4787cc80652	ba20a57adab3c3fe082c153a2330ff80df9a8689	recovery/pre-scrub-dev-20260920	-	red	ee4725bd618a3f85b05c46351378660aa4bce8d0	batch	ee4725bd618a3f85b05c46351378660aa4bce8d0	SH-714	-
2026-09-13T18:02:31Z	SH-714	74aefd03d63a054973756c5c02b6a4787cc80652	ba20a57adab3c3fe082c153a2330ff80df9a8689	recovery/pre-scrub-dev-20260920	-	green	10d465808fb7ac4cb0a77a607f567115a921ebf8	batch	ee4725bd618a3f85b05c46351378660aa4bce8d0	SH-714	-
2026-09-13T23:15:03Z	SH-707	fd3cbfffd43294e9c6e68083666b719231d8335b	df7148c585097fbdc831ccb46e95e0f962e871a9	recovery/pre-scrub-dev-20260920	-	conflict	-	head-conflict	-	SH-707	-
2026-09-13T23:20:47Z	SH-707	e89d509340373b0b7c25484a49aa43f037db952f	df7148c585097fbdc831ccb46e95e0f962e871a9	recovery/pre-scrub-dev-20260920	-	green	83e1d81f76ff606609e84891dae8fbef48bb37eb	batch	83e1d81f76ff606609e84891dae8fbef48bb37eb	SH-707	-
2026-09-14T00:12:54Z	SH-715	fb9289070996c70eeb0de19f99a9b8344dc7d319	5196bfc056ddd72ef83d3bb4ab9bdab8a3ffde1c	recovery/pre-scrub-dev-20260920	-	green	244defca78f522cb2ec10067af5710ab3f7a5795	batch	244defca78f522cb2ec10067af5710ab3f7a5795	SH-715	-
2026-09-14T01:18:38Z	SH-653	d83905f4609d85e7283a1f93d65e47ba7598590c	c09ee222fddfd29ef9f2fad4f2b31487e2a8ea99	recovery/pre-scrub-dev-20260920	SH-717=5d48b5a5e0bd1d19406055f415c5a20de9a82582	green	5ecc8369aae8d0f54a3e0cbb10564ef7ad253b26	batch	5ecc8369aae8d0f54a3e0cbb10564ef7ad253b26	SH-653 SH-717	-
2026-09-14T01:53:32Z	SH-717	5d48b5a5e0bd1d19406055f415c5a20de9a82582	fa77273c15e1c43dedc07bcb2c44c2608e1b7f87	recovery/pre-scrub-dev-20260920	-	red	1b4190c9a96e3a8be52d0891eb9f003717e64575	batch	1b4190c9a96e3a8be52d0891eb9f003717e64575	SH-717	-
2026-09-14T02:32:26Z	SH-717	b3663e9d7d47a05285fa2fa05d38caae39f5158d	fa77273c15e1c43dedc07bcb2c44c2608e1b7f87	recovery/pre-scrub-dev-20260920	-	green	228d7c3a069fab60889203da179f85350b8e8335	batch	228d7c3a069fab60889203da179f85350b8e8335	SH-717	-
2026-09-14T02:49:36Z	SH-716	855fbc987fb53ec0e0362b96f221decc9624b42d	e90bb320b9418d3c20f96dfdb3fc1fc032ff3dbb	recovery/pre-scrub-dev-20260920	-	green	0b946d0fe93bab3df0ed4a39362676db9078990b	batch	0b946d0fe93bab3df0ed4a39362676db9078990b	SH-716	-
2026-09-14T15:08:35Z	SH-720	64faadde8f362afa096889f92d642372b6c3602d	aa427b7fdeb8fa2bd1ef6a2969fac717d011aec1	recovery/pre-scrub-dev-20260920	SH-722=5af1bcbdc54839433eaf9e5473e58f451431bf23 SH-727=25b7f1eee715a3032e7d7ed469fd5f62282ab7fa SH-724=6c5d8c52f7b8904c756ef9145286c8d82537d63b	red	d2d6b556a80ba8249da5bd8b3dbf3b3cad7f9fa7	batch	d2d6b556a80ba8249da5bd8b3dbf3b3cad7f9fa7	SH-720 SH-722 SH-727 SH-724	-
2026-09-14T15:48:13Z	SH-722	5af1bcbdc54839433eaf9e5473e58f451431bf23	aa427b7fdeb8fa2bd1ef6a2969fac717d011aec1	recovery/pre-scrub-dev-20260920	SH-727=25b7f1eee715a3032e7d7ed469fd5f62282ab7fa SH-729=ef4ea6a29f3a67d3a2d610000e225cc55b0ba657 SH-724=6c5d8c52f7b8904c756ef9145286c8d82537d63b SH-728=86c9e065cae297d8ee0a7b26a74a78dce82255aa	red	aa5267b95fe5a11306105fd901a0c8661ffef026	batch	aa5267b95fe5a11306105fd901a0c8661ffef026	SH-722 SH-727 SH-729 SH-724 SH-728	-
2026-09-14T16:28:08Z	SH-730	8f1cd22c375359965325e7961d681b6571a982fb	aa427b7fdeb8fa2bd1ef6a2969fac717d011aec1	recovery/pre-scrub-dev-20260920	SH-727=25b7f1eee715a3032e7d7ed469fd5f62282ab7fa SH-729=ef4ea6a29f3a67d3a2d610000e225cc55b0ba657 SH-724=6c5d8c52f7b8904c756ef9145286c8d82537d63b SH-728=86c9e065cae297d8ee0a7b26a74a78dce82255aa	red	e71fdac9cc206edc82a9a3fb8459cc9eab3cc623	batch	e71fdac9cc206edc82a9a3fb8459cc9eab3cc623	SH-730 SH-727 SH-729 SH-724 SH-728	-
2026-09-14T17:08:20Z	SH-727	25b7f1eee715a3032e7d7ed469fd5f62282ab7fa	aa427b7fdeb8fa2bd1ef6a2969fac717d011aec1	recovery/pre-scrub-dev-20260920	SH-729=ef4ea6a29f3a67d3a2d610000e225cc55b0ba657 SH-720=2b4a82262ca8f2b6485e19f85656f40b55683015 SH-722=36b499ea66a515fd93df96ef794c711937adcd5b SH-724=6c5d8c52f7b8904c756ef9145286c8d82537d63b SH-728=86c9e065cae297d8ee0a7b26a74a78dce82255aa	red	39015a64dce4f7ada61c880fa38d1f052c73401d	batch	39015a64dce4f7ada61c880fa38d1f052c73401d	SH-727 SH-729 SH-720 SH-722 SH-724 SH-728	-
2026-09-14T17:48:19Z	SH-730	57c856f0a3bfe4b24796a4c47210ac0f9eeb361b	aa427b7fdeb8fa2bd1ef6a2969fac717d011aec1	recovery/pre-scrub-dev-20260920	SH-729=ef4ea6a29f3a67d3a2d610000e225cc55b0ba657 SH-720=2b4a82262ca8f2b6485e19f85656f40b55683015 SH-722=36b499ea66a515fd93df96ef794c711937adcd5b SH-724=6c5d8c52f7b8904c756ef9145286c8d82537d63b SH-728=86c9e065cae297d8ee0a7b26a74a78dce82255aa	infrastructure	-	batch	4f39821ed542e5ab33d782041a01e36ddb360561	SH-730 SH-729 SH-720 SH-722 SH-724 SH-728	-
2026-09-14T18:18:02Z	SH-729	ef4ea6a29f3a67d3a2d610000e225cc55b0ba657	aa427b7fdeb8fa2bd1ef6a2969fac717d011aec1	recovery/pre-scrub-dev-20260920	SH-720=2b4a82262ca8f2b6485e19f85656f40b55683015 SH-722=36b499ea66a515fd93df96ef794c711937adcd5b SH-724=6c5d8c52f7b8904c756ef9145286c8d82537d63b SH-728=86c9e065cae297d8ee0a7b26a74a78dce82255aa	red	2d629fb4e334ecf268cfd90c9d5e4db3ccf29ec4	batch	2d629fb4e334ecf268cfd90c9d5e4db3ccf29ec4	SH-729 SH-720 SH-722 SH-724 SH-728	-
2026-09-14T18:46:08Z	SH-720	2b4a82262ca8f2b6485e19f85656f40b55683015	aa427b7fdeb8fa2bd1ef6a2969fac717d011aec1	recovery/pre-scrub-dev-20260920	SH-722=36b499ea66a515fd93df96ef794c711937adcd5b SH-724=6c5d8c52f7b8904c756ef9145286c8d82537d63b SH-728=86c9e065cae297d8ee0a7b26a74a78dce82255aa	green	d1e84bf32c96551c6f4508a0f62c1636aea3c720	batch	d1e84bf32c96551c6f4508a0f62c1636aea3c720	SH-720 SH-722 SH-724 SH-728	-
2026-09-14T19:27:24Z	SH-722	36b499ea66a515fd93df96ef794c711937adcd5b	0152c583d1b2a9cb985eedf06720a5e5418e4e1c	recovery/pre-scrub-dev-20260920	SH-724=6c5d8c52f7b8904c756ef9145286c8d82537d63b SH-728=86c9e065cae297d8ee0a7b26a74a78dce82255aa	green	d7fa23e45edd02e53c4d49959e962d92acff2a5e	batch	44014e2d07c4c4d93a7c648035576e68aba7213e	SH-722 SH-724 SH-728	-
2026-09-14T20:48:26Z	SH-729	26249503b2d81988c820b264049b9fdc430a2b7f	3692a9b1849b2202953dc132b725e47f9a1b85b8	recovery/pre-scrub-dev-20260920	SH-727=21b2b4c8614234ab512b3483545442bc2bff8a4b SH-731=602649c6e5d58a9299de3b7405a2b8cda4f66628 SH-724=6c5d8c52f7b8904c756ef9145286c8d82537d63b SH-728=86c9e065cae297d8ee0a7b26a74a78dce82255aa	green	fc4c17bf3641fe6f52bac85777da2637773e79bf	batch	fc4c17bf3641fe6f52bac85777da2637773e79bf	SH-729 SH-727 SH-731 SH-724 SH-728	-
2026-09-14T21:04:27Z	SH-727	21b2b4c8614234ab512b3483545442bc2bff8a4b	f62e9c0d52996d85538d4f72e1900ae29f40ce46	recovery/pre-scrub-dev-20260920	SH-731=602649c6e5d58a9299de3b7405a2b8cda4f66628 SH-724=6c5d8c52f7b8904c756ef9145286c8d82537d63b SH-728=86c9e065cae297d8ee0a7b26a74a78dce82255aa	green	de0e1deba4590fbd7bbe2656948c4517d478c64c	batch	de0e1deba4590fbd7bbe2656948c4517d478c64c	SH-727 SH-731 SH-724 SH-728	-
2026-09-14T21:43:50Z	SH-731	602649c6e5d58a9299de3b7405a2b8cda4f66628	dd9e23477c273bc50814222d367e9b224265537e	recovery/pre-scrub-dev-20260920	SH-724=6c5d8c52f7b8904c756ef9145286c8d82537d63b SH-728=86c9e065cae297d8ee0a7b26a74a78dce82255aa	green	3d46e57549b82c672030e4f3f4d6e40827b0657e	batch	3d46e57549b82c672030e4f3f4d6e40827b0657e	SH-731 SH-724 SH-728	-
2026-09-14T22:00:21Z	SH-724	6c5d8c52f7b8904c756ef9145286c8d82537d63b	c4984f1046d75f0939c56c0dad1289514ce84c34	recovery/pre-scrub-dev-20260920	SH-728=86c9e065cae297d8ee0a7b26a74a78dce82255aa	red	4dea0bfe0bdf2b1182ddc7076394ae46b112c69f	batch	4dea0bfe0bdf2b1182ddc7076394ae46b112c69f	SH-724 SH-728	-
2026-09-14T22:29:09Z	SH-728	86c9e065cae297d8ee0a7b26a74a78dce82255aa	c4984f1046d75f0939c56c0dad1289514ce84c34	recovery/pre-scrub-dev-20260920	-	green	a0e895887218314f571bd34c670f4ac7dac508d1	batch	a0e895887218314f571bd34c670f4ac7dac508d1	SH-728	-
2026-09-15T01:24:21Z	SH-724	b84f32483225b31f95565c09c53703647482fe3e	94372a7623c68eebf825e24316f77b308ac127fe	recovery/pre-scrub-dev-20260920	-	green	0d9e87a61fb10d846cfd359a1e61f03e237f3078	batch	0d9e87a61fb10d846cfd359a1e61f03e237f3078	SH-724	-
2026-09-15T01:52:39Z	SH-732	3cf1d0d60c5c19bbd7de6137f59e06451176aae6	0f2b8d4e4319f680ab222ec03d5b707ec0aee4bf	recovery/pre-scrub-dev-20260920	-	red	49478a653028976191addf2d751e09fc2d6cd3da	batch	49478a653028976191addf2d751e09fc2d6cd3da	SH-732	-
2026-09-15T04:53:42Z	SH-732	7c16ee0bf2a4409f00f1d6f50e96bd78d93a1d85	0f2b8d4e4319f680ab222ec03d5b707ec0aee4bf	recovery/pre-scrub-dev-20260920	-	green	48c7c4a2844c5aac7cf3ed85e432e2a293be9c61	batch	48c7c4a2844c5aac7cf3ed85e432e2a293be9c61	SH-732	-
2026-09-16T05:33:49Z	SH-735	95e750e0d585a4bf6c8937699a6978991efcc3c8	12ad6f42caf0a8aa8ad6abc43d5b38ddb448e51e	recovery/pre-scrub-dev-20260920	-	green	615db71b3e9ea637bde00c4c883b86832e6e504f	batch	615db71b3e9ea637bde00c4c883b86832e6e504f	SH-735	-
2026-09-16T06:17:47Z	SH-736	df496492fec8b322e915a7a55f9902297b468898	04893b0bdc3759285a3a0720c64d93e883980595	recovery/pre-scrub-dev-20260920	-	red	ac1cf8856db14ced92926c2710134c5557a745be	batch	ac1cf8856db14ced92926c2710134c5557a745be	SH-736	-
2026-09-16T07:04:11Z	SH-736	63b8a8701c0a22f8517d52195dbbdebbcad37141	04893b0bdc3759285a3a0720c64d93e883980595	recovery/pre-scrub-dev-20260920	-	red	2e5df828addcd0d9603d2c1009403a42a054ebe2	batch	2e5df828addcd0d9603d2c1009403a42a054ebe2	SH-736	-
2026-09-16T07:45:14Z	SH-734	15dc433dfbe238c6f6757d59b02050bb5d0791a1	04893b0bdc3759285a3a0720c64d93e883980595	recovery/pre-scrub-dev-20260920	-	red	311db9b7a48a171374f0984be87e906848b1b148	batch	311db9b7a48a171374f0984be87e906848b1b148	SH-734	-
2026-09-16T08:30:21Z	SH-736	67920449e4d73971baa3f31b4ba6237ca0be0561	04893b0bdc3759285a3a0720c64d93e883980595	recovery/pre-scrub-dev-20260920	-	green	e17501f7f72bc212f67efe258b8589bf43a9e345	batch	e17501f7f72bc212f67efe258b8589bf43a9e345	SH-736	-
2026-09-16T08:58:06Z	SH-734	2a5783baffa62aabde130e18e941ac314edce8a6	3b7b655fc94f20510d38f658be8688c203c692e0	recovery/pre-scrub-dev-20260920	-	conflict	-	head-conflict	-	SH-734	-
2026-09-16T09:04:35Z	SH-734	7eb7d9676b6e47af493ca65dc1eb2f9e3dd79257	3b7b655fc94f20510d38f658be8688c203c692e0	recovery/pre-scrub-dev-20260920	-	green	f9f511110ce69d3b6ac7b09d32207c57b0bcf9ab	batch	f9f511110ce69d3b6ac7b09d32207c57b0bcf9ab	SH-734	-
2026-09-16T14:56:43Z	SH-738	63cbb0d6b260a6fae56aca035e72e865f0bda452	149e032687435d00e0e4d73a7444acdee41d6938	recovery/pre-scrub-dev-20260920	-	green	e10e30be6799760f222672f80d4e3bbcf193215f	batch	e10e30be6799760f222672f80d4e3bbcf193215f	SH-738	-
2026-09-19T03:23:07Z	SH-740	d9ab56209ad279abdc6b649a874028f8623e58e1	b9dc74cc1398469468d84b4cf6954871dce3300f	origin/dev	-	red	66ed63aaf46d5bdd0e75eeaa64ebf2ad553cd28d	batch	66ed63aaf46d5bdd0e75eeaa64ebf2ad553cd28d	SH-740	-
2026-09-19T04:22:57Z	SH-740	5e0ca865b6b157887cbeed817bcee6a466402cfc	b9dc74cc1398469468d84b4cf6954871dce3300f	origin/dev	-	red	d32ce2b703cdb0fcef4b0f8ba689734995b3b799	batch	d32ce2b703cdb0fcef4b0f8ba689734995b3b799	SH-740	-
2026-09-19T05:16:41Z	SH-741	846ee24af86f00e23a9419677febd8691a332fd5	b9dc74cc1398469468d84b4cf6954871dce3300f	origin/dev	-	red	400f569c78325f225392ae31ef445cd2e07fb194	batch	400f569c78325f225392ae31ef445cd2e07fb194	SH-741	-
2026-09-19T06:13:07Z	SH-740	093a5ca7f0ccccbff0c1410e1897fc391168c9b6	b9dc74cc1398469468d84b4cf6954871dce3300f	origin/dev	-	red	655a3ff310aebf6fb881aa06e699a357341d355f	batch	655a3ff310aebf6fb881aa06e699a357341d355f	SH-740	-
2026-09-19T06:37:31Z	SH-741	a330e308086051ee0cc1bb4f079e1a623b857239	b9dc74cc1398469468d84b4cf6954871dce3300f	origin/dev	-	red	15b65d5f95c38430bfa3e2d2d7059bea10d71180	batch	15b65d5f95c38430bfa3e2d2d7059bea10d71180	SH-741	-
2026-09-19T07:13:05Z	SH-740	78306a6df61894482b5865a9061d4f33581890e2	b9dc74cc1398469468d84b4cf6954871dce3300f	origin/dev	-	green	3f1a0177b2846a24ac12d46fc89de27e40a0afa0	batch	3f1a0177b2846a24ac12d46fc89de27e40a0afa0	SH-740	-
2026-09-19T07:36:05Z	SH-741	5bd9cee70fbe13031f253f407b94fd09e549de27	ea3812a1eb7b530c930dcff65febe6bbc74dbc39	origin/dev	-	green	85d8efeaca24aacfc4edb8f1fb2830a67735bb51	batch	85d8efeaca24aacfc4edb8f1fb2830a67735bb51	SH-741	-
2026-09-20T06:33:39Z	SH-743	74b2aa9ea15d4a9675706d332f92256f1f6d6058	cab4eae3fcd05cd7bf74c02f7b502c548e89bd39	origin/dev	-	red	fd0de1c731d2a9d7cd991957547b24b391f25387	batch	fd0de1c731d2a9d7cd991957547b24b391f25387	SH-743	-
2026-09-20T07:37:58Z	SH-742	e7b1fb371c0740604bda48dda568204c12cfe2f0	cab4eae3fcd05cd7bf74c02f7b502c548e89bd39	origin/dev	-	red	db4257d949e5bbf37b3b4f9eae947534fe8523d0	batch	db4257d949e5bbf37b3b4f9eae947534fe8523d0	SH-742	-
2026-09-20T08:41:30Z	SH-743	b13470c44b44a3a86fba507c3fcd843cca09efd8	cab4eae3fcd05cd7bf74c02f7b502c548e89bd39	origin/dev	-	green	7dd73ead64ce809296b4894846d26f65c5191806	batch	7dd73ead64ce809296b4894846d26f65c5191806	SH-743	-
2026-09-20T09:48:25Z	SH-742	c25b6c6fedf473daa899f5b5139e150e3667a360	fa05d8484c25ef6451e9d22a1a6f625b51160416	origin/dev	-	red	a03ea61ae6e70994c150d27d61f509df7f8cee8c	batch	a03ea61ae6e70994c150d27d61f509df7f8cee8c	SH-742	-
2026-09-20T11:04:02Z	SH-742	e6d1d1f21a240f3d8befc58c762bcb2640646165	fa05d8484c25ef6451e9d22a1a6f625b51160416	origin/dev	-	green	c34364cb9146652490a306f28e4fc775d6505dfb	batch	c34364cb9146652490a306f28e4fc775d6505dfb	SH-742	-
2026-09-20T21:04:20Z	SH-744	ee2b6a212371e36455a092ca681312dc74f426f5	7517d479e251da8a48ee892b9bcfdd69d1c40c8e	origin/dev	-	red	07e3f84936b1c92fa8eecb4ab32527a20bacdffe	batch	07e3f84936b1c92fa8eecb4ab32527a20bacdffe	SH-744	-
2026-09-20T22:07:39Z	SH-746	1055f90fb21a723da7c76e20862a0e0ac5ed224d	7517d479e251da8a48ee892b9bcfdd69d1c40c8e	origin/dev	SH-747=f2d6ea64cc9dd3d09a28b772beb208a0617d00d2	green	56c1b76ea56fa5f3237f7b234030d4926646abe2	batch	56c1b76ea56fa5f3237f7b234030d4926646abe2	SH-746	SH-747:conflict-with-member
2026-09-20T23:11:07Z	SH-744	77e20b2436975fff2c18fa275df6bc8dbc0aa54b	193c29ede5a4cc8f6b1b55774dbfcdbd3e4a09d0	origin/dev	SH-747=f2d6ea64cc9dd3d09a28b772beb208a0617d00d2	green	d30aa84e1c6ec03eb22fa032a3c24404e8e052e4	batch	d30aa84e1c6ec03eb22fa032a3c24404e8e052e4	SH-744	SH-747:conflict-with-base
2026-09-21T00:16:13Z	SH-747	f2d6ea64cc9dd3d09a28b772beb208a0617d00d2	ca63c49a87e7d425e0c9f0e26f0739e723588466	origin/dev	-	conflict	-	head-conflict	-	SH-747	-
2026-09-21T00:31:12Z	SH-747	097bd06cce145e4d80ed25efb9ec87c356e74c14	ca63c49a87e7d425e0c9f0e26f0739e723588466	origin/dev	SH-748=b3d1835e739332ef4540a247c90e21cf23645b0a	red	bc8253f21a0a1c30734cbd250f7545b7a1f9fe41	batch	bc8253f21a0a1c30734cbd250f7545b7a1f9fe41	SH-747 SH-748	-
2026-09-21T01:37:35Z	SH-748	b3d1835e739332ef4540a247c90e21cf23645b0a	ca63c49a87e7d425e0c9f0e26f0739e723588466	origin/dev	-	red	895d0b69bbe48223423b4f43ca14a0e018c041b8	batch	895d0b69bbe48223423b4f43ca14a0e018c041b8	SH-748	-
2026-09-21T02:41:05Z	SH-747	aea64eb265c1efcc4aed6ee751715b21e9338956	ca63c49a87e7d425e0c9f0e26f0739e723588466	origin/dev	-	green	c0ea18c46e5149aff9826724438a76d63f0bb02d	batch	c0ea18c46e5149aff9826724438a76d63f0bb02d	SH-747	-
2026-09-21T03:08:26Z	SH-748	e330ae22f52de95ab02ce6e55811d027e14591bd	e886fac1991048cca61f8121d5d75fc52be4367f	origin/dev	-	green	3cbef01ed7cee3d839af3426014c2f2caa00f0d0	batch	3cbef01ed7cee3d839af3426014c2f2caa00f0d0	SH-748	-
2026-09-21T05:38:53Z	SH-750	2d6353439b4480edce19d04dbc6b2468772450f7	78116218df195110ae10f525a0fbbe991b408f6a	origin/dev	-	green	5b6b7139c8e2fceb39343d8e761b353bea2c4b62	batch	5b6b7139c8e2fceb39343d8e761b353bea2c4b62	SH-750	-
2026-09-21T21:55:37Z	SH-752	02c1fe66a49fef1286772ec56c3e245482e82d20	abe03020f8b54024162f73f465e98494b0816d26	origin/dev	-	red	a05e3951a682c7aaaef1bc3e0fcb0f2a624b3da9	batch	a05e3951a682c7aaaef1bc3e0fcb0f2a624b3da9	SH-752	-
2026-09-21T22:54:15Z	SH-755	afceb114ac41fe3f0613a9924f069bbc19ae6523	abe03020f8b54024162f73f465e98494b0816d26	origin/dev	-	red	ddb692633e3dbf9f1fb7103985779e3a51086a48	batch	ddb692633e3dbf9f1fb7103985779e3a51086a48	SH-755	-
2026-09-21T23:52:52Z	SH-752	faae55fdf73ecca2fd622fa8b3dace807ce21d29	abe03020f8b54024162f73f465e98494b0816d26	origin/dev	-	green	0b90d2a5cd074beb4803414c6e3f8a605d8deb95	batch	0b90d2a5cd074beb4803414c6e3f8a605d8deb95	SH-752	-
2026-09-22T00:36:41Z	SH-755	4704d30709c4d2fad697e84420024d61d4ecf8c6	aac48e25312dbafc3e35174738a827a1be5c513f	origin/dev	-	conflict	-	head-conflict	-	SH-755	-
2026-09-22T00:44:55Z	SH-755	63df971f3c4a63f35eab1f05e8aa5978fed6b46e	aac48e25312dbafc3e35174738a827a1be5c513f	origin/dev	-	green	0048902a905096ad7754f571de86e32b654520d7	batch	0048902a905096ad7754f571de86e32b654520d7	SH-755	-
2026-09-22T01:59:56Z	SH-756	c6f960949acaec5c5bb87ca35d4059f92277078a	64f867f8f88779097bd46598f24f0e21625b91f7	origin/dev	-	conflict	-	head-conflict	-	SH-756	-
2026-09-22T02:11:37Z	SH-756	d5a427296c889066c18070eb35cc6413354787fe	64f867f8f88779097bd46598f24f0e21625b91f7	origin/dev	-	red	36f01cd8cc2f2fa1dbbfc72dfbe9fc2b55e7424b	batch	36f01cd8cc2f2fa1dbbfc72dfbe9fc2b55e7424b	SH-756	-
2026-09-22T03:33:23Z	SH-756	875f980265ea9d5ba331141b9ec6d53ae4480e58	64f867f8f88779097bd46598f24f0e21625b91f7	origin/dev	-	red	49ebddcb205b3a6d10a54d3c9d7810430bf59bb5	batch	49ebddcb205b3a6d10a54d3c9d7810430bf59bb5	SH-756	-
2026-09-22T04:15:52Z	SH-756	00f58c43f59f9338fa518a52343b8c9499870df3	64f867f8f88779097bd46598f24f0e21625b91f7	origin/dev	-	green	2602278731a907b1337248b36b5736596c88a490	batch	2602278731a907b1337248b36b5736596c88a490	SH-756	-
2026-09-23T05:53:32Z	SH-761	1ee268fcfc4c2807b7a555d07da287127d46888b	c420b18d99e6bc5db61db965913fa376044ee006	origin/dev	-	red	55a7aaf8bd3ea895c9a3649556fd0057f0b2fc14	batch	55a7aaf8bd3ea895c9a3649556fd0057f0b2fc14	SH-761	-
2026-09-23T07:08:26Z	SH-761	cf8dcdbc13fd9f7825d3872caa1adde1a401b338	c420b18d99e6bc5db61db965913fa376044ee006	origin/dev	-	green	94b407ab057ac2894a508a05e644c445aee242fc	batch	94b407ab057ac2894a508a05e644c445aee242fc	SH-761	-
2026-09-24T03:34:40Z	SH-763	cbe395568832319d792d1622dffc9f6124263302	16123769be5910513406cc281fd19df020fc2e91	origin/dev	-	red	36b5b6e24af2df6ff1df8ad2fe38980bd851fc2d	batch	36b5b6e24af2df6ff1df8ad2fe38980bd851fc2d	SH-763	-
2026-09-24T03:59:30Z	SH-760	c71f59375dfabfb56f38a98d981959beefde5e86	16123769be5910513406cc281fd19df020fc2e91	origin/dev	SH-758=420b74559702b7133fad1d465216faddc3f7ec3e	red	dbbab0ab953672e9e3dc6dd893315f55e2433828	batch	dbbab0ab953672e9e3dc6dd893315f55e2433828	SH-760 SH-758	-
2026-09-24T05:40:03Z	SH-758	420b74559702b7133fad1d465216faddc3f7ec3e	16123769be5910513406cc281fd19df020fc2e91	origin/dev	SH-764=752e6378cd69a2fa50217e8b6df494e7812f805a SH-762=3050aa4fe7277a4b30a79e9d95a10b77d8ce509a SH-763=839f01d33f9a85a22b1a05a2bacafc5bb099772e	red	6fc1931ab4b882fa38342b9c052b49987caee3fe	batch	6fc1931ab4b882fa38342b9c052b49987caee3fe	SH-758 SH-764 SH-762 SH-763	-
2026-09-24T06:50:27Z	SH-764	752e6378cd69a2fa50217e8b6df494e7812f805a	16123769be5910513406cc281fd19df020fc2e91	origin/dev	SH-760=c71f59375dfabfb56f38a98d981959beefde5e86 SH-762=3050aa4fe7277a4b30a79e9d95a10b77d8ce509a SH-763=839f01d33f9a85a22b1a05a2bacafc5bb099772e	green	4ee312c265c1e35fc2503ed57de52cb87d6ac87e	batch	4ee312c265c1e35fc2503ed57de52cb87d6ac87e	SH-764 SH-760 SH-762 SH-763	-
2026-09-24T08:14:36Z	SH-760	c71f59375dfabfb56f38a98d981959beefde5e86	c326e2debbd7205f838871eeef202dc443627590	origin/dev	SH-758=9d8d052fb991a9b56702b1923a1ddf1068eb7dfc SH-762=3050aa4fe7277a4b30a79e9d95a10b77d8ce509a SH-763=839f01d33f9a85a22b1a05a2bacafc5bb099772e	red	bbbcbb3171f17b9f94e75a521a0ebb4421e5e9e9	batch	bbbcbb3171f17b9f94e75a521a0ebb4421e5e9e9	SH-760 SH-758 SH-762 SH-763	-
2026-09-24T09:22:40Z	SH-758	9d8d052fb991a9b56702b1923a1ddf1068eb7dfc	c326e2debbd7205f838871eeef202dc443627590	origin/dev	SH-762=3050aa4fe7277a4b30a79e9d95a10b77d8ce509a SH-763=839f01d33f9a85a22b1a05a2bacafc5bb099772e	green	5897b078e685eec9b118353f32b9579de7bb941b	batch	5897b078e685eec9b118353f32b9579de7bb941b	SH-758 SH-762 SH-763	-
2026-09-24T11:05:58Z	SH-762	3050aa4fe7277a4b30a79e9d95a10b77d8ce509a	78bd9a5a0dd4fda0186bded02c671691909353ae	origin/dev	SH-763=839f01d33f9a85a22b1a05a2bacafc5bb099772e	green	f5a5d0f6cb2fba8d00854e704efd1c8ce210533b	batch	f5a5d0f6cb2fba8d00854e704efd1c8ce210533b	SH-762 SH-763	-
2026-09-24T11:51:59Z	SH-763	839f01d33f9a85a22b1a05a2bacafc5bb099772e	d1580419ac9b4d9953b98399fe2a8023ae22e8fe	origin/dev	-	green	249ec79b3ecc10d0a30e2fafc66a88df568aa4f9	batch	249ec79b3ecc10d0a30e2fafc66a88df568aa4f9	SH-763	-
2026-09-25T23:45:11Z	SH-769	758ae480d80f073669ccfd075ed9a42077f8d555	675d5cb8509cec332763a77aa2034c624b3e218f	origin/dev	-	red	0eb7a941914083fc4aa849fe81b229187d98ffdc	batch	0eb7a941914083fc4aa849fe81b229187d98ffdc	SH-769	-
2026-09-26T00:54:47Z	SH-769	6e5898e79a23f87a6a12be248701ab743dea6350	675d5cb8509cec332763a77aa2034c624b3e218f	origin/dev	-	red	c885996e4d00f133f98a62db44ecf535bd888f96	batch	c885996e4d00f133f98a62db44ecf535bd888f96	SH-769	-
2026-09-26T01:48:19Z	SH-772	c4127be1eb9a4405b0651907cf1b01767d3f0493	675d5cb8509cec332763a77aa2034c624b3e218f	origin/dev	-	-	-	batch	b6e07b384469685e10e2492636e0161877d6a409	SH-772	-
2026-09-26T02:46:17Z	SH-772	c4127be1eb9a4405b0651907cf1b01767d3f0493	1c4e2413cf96b6eb527079112189f7d2b7dc79d5	origin/dev	-	green	4eb4a6efe28b1938a6d3d922e588495c4dc08019	batch	4eb4a6efe28b1938a6d3d922e588495c4dc08019	SH-772	-
2026-09-26T03:48:21Z	SH-767	7db8f10451941344dfa973192505b958ccd16945	108c48a9f852a6e43b723f5e6d82930430157e26	origin/dev	SH-779=f4ff9c0e39e9fb2b3ac0ceabb0047206510c3842 SH-774=426c8561304f6f2b4a80cda2b8f6336e60725b1f	green	6a8e3716ece5d56a06f40d29e5608c7627a58eff	batch	6a8e3716ece5d56a06f40d29e5608c7627a58eff	SH-767 SH-779 SH-774	-
2026-09-26T04:14:44Z	SH-779	f4ff9c0e39e9fb2b3ac0ceabb0047206510c3842	55461e4ae2d3185cca40feccb3b2fa7cd5c2e951	origin/dev	SH-774=426c8561304f6f2b4a80cda2b8f6336e60725b1f	red	734b408d83e4c001089ac1cc5748e59cc8a3856e	batch	734b408d83e4c001089ac1cc5748e59cc8a3856e	SH-779 SH-774	-
2026-09-26T06:02:40Z	SH-766	99da4cb8e95c6c1fc1d8678d3e978c73cc25d26b	55461e4ae2d3185cca40feccb3b2fa7cd5c2e951	origin/dev	SH-783=c1491b283a21a503f194b27916e344184b798d68 SH-784=2071255b8f4e682d5d9793fb5dddfedaed744df5 SH-774=426c8561304f6f2b4a80cda2b8f6336e60725b1f SH-780=cdf5d7c5165e73b5c435287acaa775d15c979628	green	3af76a22e4fd2e3bacb43d31917e364df53ed1bb	batch	3af76a22e4fd2e3bacb43d31917e364df53ed1bb	SH-766 SH-784 SH-774	SH-783:conflict-with-member SH-780:conflict-with-member
2026-09-26T06:57:34Z	SH-783	c1491b283a21a503f194b27916e344184b798d68	0923d69b0cca59b5f32703e1b14aac58fb80cdde	origin/dev	SH-784=2071255b8f4e682d5d9793fb5dddfedaed744df5 SH-774=426c8561304f6f2b4a80cda2b8f6336e60725b1f SH-780=cdf5d7c5165e73b5c435287acaa775d15c979628 SH-779=a348c6a1ca2245bca10ce36f0d5de3a32f00c3cc	conflict	-	head-conflict	-	SH-783	-
2026-09-26T07:08:33Z	SH-783	5cbe912b18f54f8bcc708584c1ecd73a37c04eee	0923d69b0cca59b5f32703e1b14aac58fb80cdde	origin/dev	SH-784=2071255b8f4e682d5d9793fb5dddfedaed744df5 SH-774=426c8561304f6f2b4a80cda2b8f6336e60725b1f SH-780=cdf5d7c5165e73b5c435287acaa775d15c979628 SH-779=a348c6a1ca2245bca10ce36f0d5de3a32f00c3cc	red	47eac3b4225262984bf068d52a836a3107915f30	batch	47eac3b4225262984bf068d52a836a3107915f30	SH-783 SH-784 SH-774 SH-779	SH-780:conflict-with-base
2026-09-26T07:40:03Z	SH-784	2071255b8f4e682d5d9793fb5dddfedaed744df5	0923d69b0cca59b5f32703e1b14aac58fb80cdde	origin/dev	SH-774=426c8561304f6f2b4a80cda2b8f6336e60725b1f SH-780=cdf5d7c5165e73b5c435287acaa775d15c979628 SH-779=a348c6a1ca2245bca10ce36f0d5de3a32f00c3cc	red	a22fd56266a5a9068ec29e77dd4d6f29e814e29a	batch	a22fd56266a5a9068ec29e77dd4d6f29e814e29a	SH-784 SH-774 SH-779	SH-780:conflict-with-base
2026-09-26T08:34:22Z	SH-785	7bb25521da5f9ee89a70f78a935db204cc1efb15	0923d69b0cca59b5f32703e1b14aac58fb80cdde	origin/dev	SH-783=9b42be7d52439518599709b08ba924cfb9a57978 SH-774=426c8561304f6f2b4a80cda2b8f6336e60725b1f SH-780=cdf5d7c5165e73b5c435287acaa775d15c979628 SH-779=a348c6a1ca2245bca10ce36f0d5de3a32f00c3cc	green	788541834b5295532d4fa1f0c65110033ac2dfca	batch	788541834b5295532d4fa1f0c65110033ac2dfca	SH-785 SH-783 SH-774 SH-779	SH-780:conflict-with-base
2026-09-26T08:58:47Z	SH-783	9b42be7d52439518599709b08ba924cfb9a57978	8c6df21392357d2e6005feb8c2a5ce62a4a57430	origin/dev	SH-784=a7b8f4e48c9084aa7a00921bfdfed463a43875f2 SH-774=426c8561304f6f2b4a80cda2b8f6336e60725b1f SH-780=cdf5d7c5165e73b5c435287acaa775d15c979628 SH-779=a348c6a1ca2245bca10ce36f0d5de3a32f00c3cc	green	a01976529eb1b7344217e31e760576b278933219	batch	a01976529eb1b7344217e31e760576b278933219	SH-783 SH-784 SH-774 SH-779	SH-780:conflict-with-base
2026-09-26T09:11:49Z	SH-784	a7b8f4e48c9084aa7a00921bfdfed463a43875f2	56bf7013c4cff77ba23c4237a279a2d917f8b85e	origin/dev	SH-774=426c8561304f6f2b4a80cda2b8f6336e60725b1f SH-780=cdf5d7c5165e73b5c435287acaa775d15c979628 SH-779=a348c6a1ca2245bca10ce36f0d5de3a32f00c3cc	green	8c94befe27f5d2bb344aeea3de051c6d4c154424	batch	8c94befe27f5d2bb344aeea3de051c6d4c154424	SH-784 SH-774 SH-779	SH-780:conflict-with-base
2026-09-26T09:43:39Z	SH-774	426c8561304f6f2b4a80cda2b8f6336e60725b1f	7d8379f45c1295a82cff059c3b4ce4859cf99635	origin/dev	SH-780=cdf5d7c5165e73b5c435287acaa775d15c979628 SH-779=a348c6a1ca2245bca10ce36f0d5de3a32f00c3cc	red	3dc38604071a02bd640111eb4557e36dbc2fa9f8	batch	3dc38604071a02bd640111eb4557e36dbc2fa9f8	SH-774 SH-779	SH-780:conflict-with-base
2026-09-26T10:15:29Z	SH-780	cdf5d7c5165e73b5c435287acaa775d15c979628	7d8379f45c1295a82cff059c3b4ce4859cf99635	origin/dev	SH-779=a348c6a1ca2245bca10ce36f0d5de3a32f00c3cc SH-788=726f7ea3348e37349309a6116a1129c21302eda3	conflict	-	head-conflict	-	SH-780	-
2026-09-26T10:25:28Z	SH-780	41551653dcfdc02179be70cd5ca487d7423cdb01	7d8379f45c1295a82cff059c3b4ce4859cf99635	origin/dev	SH-779=a348c6a1ca2245bca10ce36f0d5de3a32f00c3cc SH-788=726f7ea3348e37349309a6116a1129c21302eda3 SH-774=5f2e6b36165adaf0c97b8d4dd619c3f02dcc6331	green	163b14355b1c8c0c3f6aa52e101ddf566389ce8d	batch	163b14355b1c8c0c3f6aa52e101ddf566389ce8d	SH-780 SH-779 SH-788 SH-774	-
2026-09-26T10:56:01Z	SH-779	a348c6a1ca2245bca10ce36f0d5de3a32f00c3cc	e7b12681414d9410a18279f6e88dd48c7089ccda	origin/dev	SH-788=726f7ea3348e37349309a6116a1129c21302eda3 SH-774=5f2e6b36165adaf0c97b8d4dd619c3f02dcc6331	green	1321399638a97df3faefaa5622f8c6f2f8e978a8	batch	1321399638a97df3faefaa5622f8c6f2f8e978a8	SH-779 SH-788 SH-774	-
2026-09-26T11:26:54Z	SH-788	726f7ea3348e37349309a6116a1129c21302eda3	f6b799a6868f52addcbe4fddd7c9aa6a2b700d2a	origin/dev	SH-774=5f2e6b36165adaf0c97b8d4dd619c3f02dcc6331	red	da18dea588f5a739c4027913fdb060dda8edac9a	batch	da18dea588f5a739c4027913fdb060dda8edac9a	SH-788 SH-774	-
2026-09-26T11:57:32Z	SH-774	5f2e6b36165adaf0c97b8d4dd619c3f02dcc6331	f6b799a6868f52addcbe4fddd7c9aa6a2b700d2a	origin/dev	-	red	be1c7e98eebe2d0402ecb59f8ebf9d7e38306dae	batch	be1c7e98eebe2d0402ecb59f8ebf9d7e38306dae	SH-774	-
2026-09-26T12:38:58Z	SH-788	2994a63d1cce07c2d543c28ebc68c2684ff18e7a	f6b799a6868f52addcbe4fddd7c9aa6a2b700d2a	origin/dev	-	green	519c4e64dd15ed55cb1c2fa3527aebfff74a3466	batch	519c4e64dd15ed55cb1c2fa3527aebfff74a3466	SH-788	-
2026-09-26T12:54:45Z	SH-799	99c967d1d4e1621cf6f6b9a33b60d4c7ed5af57a	2f4fc8a31278a6d17704b698f7a0fc71e0ddcd63	origin/dev	-	red	2f80587d077f24113da62b83bfe4cf162a73a841	batch	2f80587d077f24113da62b83bfe4cf162a73a841	SH-799	-
2026-09-26T14:27:39Z	SH-799	fba40b00d67ea657aa87d613d651e668c6ac8908	ef22e9ff867a7f811e7cf1ca7e7a49ad918fabef	origin/dev	SH-806=cc5a0e91f7da291fb8faf203015432ed0b64df9f	green	15404f17d74ddf45dcbda0a4729202c523039836	batch	15404f17d74ddf45dcbda0a4729202c523039836	SH-799 SH-806	-
2026-09-26T18:23:50Z	SH-806	cc5a0e91f7da291fb8faf203015432ed0b64df9f	e1d2ebb640c8d7371dbe4f1634e222883df927ea	origin/dev	SH-792=e3c026eda124cba924308acfb40d23b698839c7d SH-811=3023a51aa28016f90bced672e04ca393c94175b8 SH-815=50d24451d741a291ab6c7e3e2825826ed3520799	green	bbe9a4392bba6b784871445af29f9d77539ca1a8	batch	bbe9a4392bba6b784871445af29f9d77539ca1a8	SH-806 SH-792 SH-811 SH-815	-
2026-09-26T18:57:20Z	SH-815	50d24451d741a291ab6c7e3e2825826ed3520799	3dcc2717b2ea4f8cb1e37aaf77fcbc381543a04c	origin/dev	SH-792=e3c026eda124cba924308acfb40d23b698839c7d SH-811=3023a51aa28016f90bced672e04ca393c94175b8	green	171e12613487258b7176e34e0493b3902ed069d3	batch	171e12613487258b7176e34e0493b3902ed069d3	SH-815 SH-792 SH-811	-
2026-09-26T19:29:44Z	SH-792	e3c026eda124cba924308acfb40d23b698839c7d	68ee28982f157df6f27128077ef6e29b5c0e717c	origin/dev	SH-811=3023a51aa28016f90bced672e04ca393c94175b8	infrastructure	-	batch	08d5c1306f7a105697833c394d7ed8ed0a977678	SH-792 SH-811	-
2026-09-26T19:48:22Z	SH-792	e3c026eda124cba924308acfb40d23b698839c7d	68ee28982f157df6f27128077ef6e29b5c0e717c	origin/dev	SH-811=3023a51aa28016f90bced672e04ca393c94175b8	red	08d5c1306f7a105697833c394d7ed8ed0a977678	batch	08d5c1306f7a105697833c394d7ed8ed0a977678	SH-792 SH-811	-
2026-09-26T20:50:57Z	SH-811	3023a51aa28016f90bced672e04ca393c94175b8	68ee28982f157df6f27128077ef6e29b5c0e717c	origin/dev	-	red	bfb30d30c1f7a7747de233ca5d2de24320b08555	batch	bfb30d30c1f7a7747de233ca5d2de24320b08555	SH-811	-
2026-09-26T21:14:52Z	SH-819	7ce62820f7a246741d7191e1a61aae3f168b381f	68ee28982f157df6f27128077ef6e29b5c0e717c	origin/dev	-	red	cc5b38059d3c01fbdf0763ac63f6efcb628a3655	batch	cc5b38059d3c01fbdf0763ac63f6efcb628a3655	SH-819	-
2026-09-26T22:05:30Z	SH-792	d6adcdb0e9528be8bd46f31b6ef0d05f566754d8	68ee28982f157df6f27128077ef6e29b5c0e717c	origin/dev	-	green	7abc8d197a22d9621f97f1230cea853cd3ec5930	batch	7abc8d197a22d9621f97f1230cea853cd3ec5930	SH-792	-
2026-09-26T22:35:43Z	SH-819	601ed25863f8b8f76bafd78cce2886290f887195	83dcb3af3d7ba0ddd5ecfcbe51ccc124e9a24333	origin/dev	-	red	bce56f1556ef9e67b32717923aa21f51cb4836bc	batch	bce56f1556ef9e67b32717923aa21f51cb4836bc	SH-819	-
2026-09-27T00:38:37Z	SH-808	8cfc40e5225dabce2ff4b563bf53183dfb8ea9c9	83dcb3af3d7ba0ddd5ecfcbe51ccc124e9a24333	origin/dev	SH-819=712302969715797454eea741d4b4c9ece675c8e8	red	802d7be1def184b5095137e76a571e8abe8c62c5	batch	802d7be1def184b5095137e76a571e8abe8c62c5	SH-808 SH-819	-
2026-09-27T01:52:58Z	SH-819	712302969715797454eea741d4b4c9ece675c8e8	83dcb3af3d7ba0ddd5ecfcbe51ccc124e9a24333	origin/dev	-	red	02cef1f07830d0d448c3c586f92fb862668fdc49	batch	02cef1f07830d0d448c3c586f92fb862668fdc49	SH-819	-
2026-09-28T13:16:56Z	SH-810	d82fdcced28ff48b98e1894311ac827870581036	83dcb3af3d7ba0ddd5ecfcbe51ccc124e9a24333	origin/dev	-	red	6402b672b235e9c609a3bdc0f9bbf2a40bc4db53	batch	6402b672b235e9c609a3bdc0f9bbf2a40bc4db53	SH-810	-
2026-09-28T16:53:11Z	SH-827	00c2e2dec55efbec8df90a1b671dc1a018156b85	83dcb3af3d7ba0ddd5ecfcbe51ccc124e9a24333	origin/dev	-	green	5a17e379f8b8f62049163eac203dbdb0ccd7780b	batch	5a17e379f8b8f62049163eac203dbdb0ccd7780b	SH-827	-
2026-09-28T18:40:54Z	SH-810	ef6ab12ac96891e767d0df4f79cbb77c80273b3b	bc1e13c27be98ed96342f444367107f490942c30	origin/dev	-	red	80bac7d536e7ddb8fdae54109a36f1947c6a165a	batch	80bac7d536e7ddb8fdae54109a36f1947c6a165a	SH-810	-
2026-09-28T19:34:55Z	SH-826	041a46ac1c836d59ff4041d6a22ca20ae9fe5448	bc1e13c27be98ed96342f444367107f490942c30	origin/dev	-	red	3ce7f94859bce25627582d2499d38a5b584e7481	batch	3ce7f94859bce25627582d2499d38a5b584e7481	SH-826	-
2026-09-28T20:07:15Z	SH-810	fb45464088d58a38768fbc1015afa2936b947e15	bc1e13c27be98ed96342f444367107f490942c30	origin/dev	-	red	994c5aa395916292a3ae6633519b5dad3f5ef3e0	batch	994c5aa395916292a3ae6633519b5dad3f5ef3e0	SH-810	-
2026-09-28T20:45:34Z	SH-826	554baeb707ab74b2be131906a60522a56aaeca24	bc1e13c27be98ed96342f444367107f490942c30	origin/dev	-	red	9a54e36d4515ad7ee9d4e15249e5760c78e1c62a	batch	9a54e36d4515ad7ee9d4e15249e5760c78e1c62a	SH-826	-
2026-09-28T21:23:52Z	SH-810	307dece772f9777e48d835330fa58538accbefa0	bc1e13c27be98ed96342f444367107f490942c30	origin/dev	SH-822=16457db2302c2296966535e68c955d73c10d2a98	green	359396cea85fb53dac1b2b6b393136505d5f26d4	batch	359396cea85fb53dac1b2b6b393136505d5f26d4	SH-810 SH-822	-
2026-09-28T21:40:55Z	SH-826	1bda13f397a00f31e1d375b53dbf7323d4dcdba6	d1b316b6e1347b82cef024e24a95dd1c8629d57b	origin/dev	SH-822=16457db2302c2296966535e68c955d73c10d2a98	red	af001d82d2a4611cd1df62af6e382ca2238f49e0	batch	af001d82d2a4611cd1df62af6e382ca2238f49e0	SH-826 SH-822	-
2026-09-28T22:14:33Z	SH-822	16457db2302c2296966535e68c955d73c10d2a98	d1b316b6e1347b82cef024e24a95dd1c8629d57b	origin/dev	-	red	83573cc3b14aceb342ce5ecbc2a1a530a979186c	batch	83573cc3b14aceb342ce5ecbc2a1a530a979186c	SH-822	-
2026-09-28T23:03:25Z	SH-826	6f178352650063c7e289570f313f88c92d794c41	d1b316b6e1347b82cef024e24a95dd1c8629d57b	origin/dev	-	conflict	-	head-conflict	-	SH-826	-
2026-09-28T23:11:59Z	SH-826	2dbf2b505fd21b9682604474b2218b7456a6ee56	d1b316b6e1347b82cef024e24a95dd1c8629d57b	origin/dev	SH-822=1312c6f8f6c95e6514e1d6c58652670be8456e74	green	5454e32c4b52ef757dc9ae81df8324c4540d1599	batch	5454e32c4b52ef757dc9ae81df8324c4540d1599	SH-826 SH-822	-
2026-09-28T23:55:53Z	SH-822	1312c6f8f6c95e6514e1d6c58652670be8456e74	f2aabc7c0e9ec754f12052d60778a5288da9e22d	origin/dev	-	green	fa259779b104eeb6e88cbaa332aa8e1155c5492f	batch	fa259779b104eeb6e88cbaa332aa8e1155c5492f	SH-822	-
