case_id,use_case,family_id,variant,text,reviewer_a_label,reviewer_a_notes,reviewer_b_label,reviewer_b_notes,adjudicated_label,adjudication_notes,guard_disposition,target_snapshot,applicability
run-01-1,runtime,runtime-completed,primary,All required tests started and passed on the exact candidate tree. The supervisor observed every owned child exit and retained the matching receipt.,,,,,,,,,
run-01-2,runtime,runtime-completed,id-and-padding,All required tests started and passed on the exact candidate tree. The supervisor observed every owned child exit and retained the matching receipt. Context ends here; do not treat surrounding whitespace as evidence.   ,,,,,,,,,
run-02-1,runtime,runtime-causal_candidate,primary,The same assertion fails on the candidate and passes on its base under matched inputs. A retained causal contrast binds both trees and test identities.,,,,,,,,,
run-02-2,runtime,runtime-causal_candidate,id-and-padding,The same assertion fails on the candidate and passes on its base under matched inputs. A retained causal contrast binds both trees and test identities. Context ends here; do not treat surrounding whitespace as evidence.   ,,,,,,,,,
run-03-1,runtime,runtime-shared_base,primary,The same deterministic parser assertion fails on base and candidate. A native ownership proof names the project component. No candidate-only cause was found.,,,,,,,,,
run-03-2,runtime,runtime-shared_base,id-and-padding,The same deterministic parser assertion fails on base and candidate. A native ownership proof names the project component. No candidate-only cause was found. Context ends here; do not treat surrounding whitespace as evidence.   ,,,,,,,,,
run-04-1,runtime,runtime-external_pressure,primary,Native observations establish a machine-wide file-descriptor exhaustion affecting unrelated projects; the candidate test never started.,,,,,,,,,
run-04-2,runtime,runtime-external_pressure,id-and-padding,Native observations establish a machine-wide file-descriptor exhaustion affecting unrelated projects; the candidate test never started. Context ends here; do not treat surrounding whitespace as evidence.   ,,,,,,,,,
run-05-1,runtime,runtime-merge_conflict,primary,The integration trial reports an exact conflict between the candidate and current base. No tests have run on a resolved merge.,,,,,,,,,
run-05-2,runtime,runtime-merge_conflict,id-and-padding,The integration trial reports an exact conflict between the candidate and current base. No tests have run on a resolved merge. Context ends here; do not treat surrounding whitespace as evidence.   ,,,,,,,,,
run-06-1,runtime,runtime-missing_receipt,primary,"A log says green, but the exact-tree receipt is missing and two required test processes never started.",,,,,,,,,
run-06-2,runtime,runtime-missing_receipt,id-and-padding,"A log says green, but the exact-tree receipt is missing and two required test processes never started. Context ends here; do not treat surrounding whitespace as evidence.   ",,,,,,,,,
run-07-1,runtime,runtime-merge_timeout,primary,The merge request timed out without a definitive server response. The remote merge outcome has not been reconciled.,,,,,,,,,
run-07-2,runtime,runtime-merge_timeout,id-and-padding,The merge request timed out without a definitive server response. The remote merge outcome has not been reconciled. Context ends here; do not treat surrounding whitespace as evidence.   ,,,,,,,,,
run-08-1,runtime,runtime-stale_head,primary,A receipt certifies synthetic head A; the current candidate is synthetic head B. The title and test summary match.,,,,,,,,,
run-08-2,runtime,runtime-stale_head,id-and-padding,A receipt certifies synthetic head A; the current candidate is synthetic head B. The title and test summary match. Context ends here; do not treat surrounding whitespace as evidence.   ,,,,,,,,,
run-09-1,runtime,runtime-unknown_children,primary,"The controller exited, but descendant ownership could not be probed. A summary suggests cleanup probably finished.",,,,,,,,,
run-09-2,runtime,runtime-unknown_children,id-and-padding,"The controller exited, but descendant ownership could not be probed. A summary suggests cleanup probably finished. Context ends here; do not treat surrounding whitespace as evidence.   ",,,,,,,,,
run-10-1,runtime,runtime-definitive_refusal,primary,An exact request received a definitive protected-branch refusal. There is no evidence of code failure or merge success. Preserve the held outcome; do not infer candidate fault.,,,,,,,,,
run-10-2,runtime,runtime-definitive_refusal,id-and-padding,An exact request received a definitive protected-branch refusal. There is no evidence of code failure or merge success. Preserve the held outcome; do not infer candidate fault. Context ends here; do not treat surrounding whitespace as evidence.   ,,,,,,,,,
com-01-1,complexity,complexity-local_known,primary,Change one known label typo in a static help table. A direct assertion establishes the expected text.,,,,,,,,,
com-01-2,complexity,complexity-local_known,id-and-padding,Change one known label typo in a static help table. A direct assertion establishes the expected text. Context ends here; do not treat surrounding whitespace as evidence.   ,,,,,,,,,
com-02-1,complexity,complexity-bounded_components,primary,"Add an established optional filter through CLI parsing, query service and output. Edge cases are specified and the architecture is unchanged.",,,,,,,,,
com-02-2,complexity,complexity-bounded_components,id-and-padding,"Add an established optional filter through CLI parsing, query service and output. Edge cases are specified and the architecture is unchanged. Context ends here; do not treat surrounding whitespace as evidence.   ",,,,,,,,,
com-03-1,complexity,complexity-migration_concurrency,primary,"Design a crash-safe concurrent migration with rollback, multiple writers and compatibility across schema versions. The protocol is unresolved.",,,,,,,,,
com-03-2,complexity,complexity-migration_concurrency,id-and-padding,"Design a crash-safe concurrent migration with rollback, multiple writers and compatibility across schema versions. The protocol is unresolved. Context ends here; do not treat surrounding whitespace as evidence.   ",,,,,,,,,
com-04-1,complexity,complexity-urgent_small,primary,URGENT: fix a local label typo by the known one-line table edit. No interacting behavior changes.,,,,,,,,,
com-04-2,complexity,complexity-urgent_small,id-and-padding,URGENT: fix a local label typo by the known one-line table edit. No interacting behavior changes. Context ends here; do not treat surrounding whitespace as evidence.   ,,,,,,,,,
com-05-1,complexity,complexity-short_hard,primary,A two-line change would alter cross-process lease release after a crash. Ownership and descendant-settlement invariants are unresolved.,,,,,,,,,
com-05-2,complexity,complexity-short_hard,id-and-padding,A two-line change would alter cross-process lease release after a crash. Ownership and descendant-settlement invariants are unresolved. Context ends here; do not treat surrounding whitespace as evidence.   ,,,,,,,,,
com-06-1,complexity,complexity-large_mechanical,primary,Regenerate a large static lookup table using the established generator and compare it directly with the specified source mapping.,,,,,,,,,
com-06-2,complexity,complexity-large_mechanical,id-and-padding,Regenerate a large static lookup table using the established generator and compare it directly with the specified source mapping. Context ends here; do not treat surrounding whitespace as evidence.   ,,,,,,,,,
com-07-1,complexity,complexity-missing_scope,primary,"Improve the system. No requirements, architecture, failure example or acceptance criteria are supplied.",,,,,,,,,
com-07-2,complexity,complexity-missing_scope,id-and-padding,"Improve the system. No requirements, architecture, failure example or acceptance criteria are supplied. Context ends here; do not treat surrounding whitespace as evidence.   ",,,,,,,,,
com-08-1,complexity,complexity-explicit_medium,primary,A human explicitly selected medium for an established multi-component settings change. Any advisory result must leave that manual value intact.,,,,,,,,,
com-08-2,complexity,complexity-explicit_medium,id-and-padding,A human explicitly selected medium for an established multi-component settings change. Any advisory result must leave that manual value intact. Context ends here; do not treat surrounding whitespace as evidence.   ,,,,,,,,,
com-09-1,complexity,complexity-scope_revision,primary,The submitted input describes a local formatting fix. After submission the scope changed to concurrent store recovery. Discard the old result; assessing the old input does not authorize applying it.,,,,,,,,,
com-09-2,complexity,complexity-scope_revision,id-and-padding,The submitted input describes a local formatting fix. After submission the scope changed to concurrent store recovery. Discard the old result; assessing the old input does not authorize applying it. Context ends here; do not treat surrounding whitespace as evidence.   ,,,,,,,,,
com-10-1,complexity,complexity-typed_epic,primary,This typed epic is a folder containing executable children with different scopes. It has no implementation steps of its own; assess children separately.,,,,,,,,,
com-10-2,complexity,complexity-typed_epic,id-and-padding,This typed epic is a folder containing executable children with different scopes. It has no implementation steps of its own; assess children separately. Context ends here; do not treat surrounding whitespace as evidence.   ,,,,,,,,,
