case_id,proposed_label,alternatives,ambiguity_rationale,required_guard,status
run-01-1,success,[],Every required test passed on the exact candidate and all owned child exits have a matching receipt. No competing class is supported by the supplied narrative.,Retain exact-tree and ownership evidence; an advisory success does not authorize merge or cleanup.,AI provisional; not human-adjudicated ground truth
run-01-2,success,[],Every required test passed on the exact candidate and all owned child exits have a matching receipt. No competing class is supported by the supplied narrative.,Retain exact-tree and ownership evidence; an advisory success does not authorize merge or cleanup.,AI provisional; not human-adjudicated ground truth
run-02-1,candidate_fault,[],Matched base/candidate contrast isolates a candidate-associated assertion failure and binds test and tree identity. This is a provisional causal interpretation; the protocol supplies class names but no formal runtime definitions.,"Retain the causal contrast; no remediation, merge, cleanup, or story mutation follows from this label.",AI provisional; not human-adjudicated ground truth
run-02-2,candidate_fault,[],Matched base/candidate contrast isolates a candidate-associated assertion failure and binds test and tree identity. This is a provisional causal interpretation; the protocol supplies class names but no formal runtime definitions.,"Retain the causal contrast; no remediation, merge, cleanup, or story mutation follows from this label.",AI provisional; not human-adjudicated ground truth
run-03-1,project_fault,[],"The deterministic failure is shared by base and candidate, with explicit project-component ownership evidence. No candidate-only cause is established.",Do not convert shared failure into candidate blame or permission to bypass required checks.,AI provisional; not human-adjudicated ground truth
run-03-2,project_fault,[],"The deterministic failure is shared by base and candidate, with explicit project-component ownership evidence. No candidate-only cause is established.",Do not convert shared failure into candidate blame or permission to bypass required checks.,AI provisional; not human-adjudicated ground truth
run-04-1,host_fault,[],Machine-wide file-descriptor exhaustion across unrelated projects supplies a specific host cause. Failure to start does not by itself require abstention when the cause is explicitly established.,Candidate verification remains incomplete; host attribution grants no permission to treat unstarted tests as passed.,AI provisional; not human-adjudicated ground truth
run-04-2,host_fault,[],Machine-wide file-descriptor exhaustion across unrelated projects supplies a specific host cause. Failure to start does not by itself require abstention when the cause is explicitly established.,Candidate verification remains incomplete; host attribution grants no permission to treat unstarted tests as passed.,AI provisional; not human-adjudicated ground truth
run-05-1,integration_conflict,[],The integration trial establishes an exact candidate/current-base conflict. Lack of tests on a resolved merge does not erase this observed conflict.,Do not infer a resolved or verified merge; preserve conflict state without attempting mutation.,AI provisional; not human-adjudicated ground truth
run-05-2,integration_conflict,[],The integration trial establishes an exact candidate/current-base conflict. Lack of tests on a resolved merge does not erase this observed conflict.,Do not infer a resolved or verified merge; preserve conflict state without attempting mutation.,AI provisional; not human-adjudicated ground truth
run-06-1,insufficient_evidence,[],"A green summary cannot establish success when exact-tree evidence is absent and required processes never started. The cause of non-start is not given, so no fault class is established.",Withhold success certification and any merge or cleanup authority; retain missing-receipt and unstarted-test facts.,AI provisional; not human-adjudicated ground truth
run-06-2,insufficient_evidence,[],"A green summary cannot establish success when exact-tree evidence is absent and required processes never started. The cause of non-start is not given, so no fault class is established.",Withhold success certification and any merge or cleanup authority; retain missing-receipt and unstarted-test facts.,AI provisional; not human-adjudicated ground truth
run-07-1,insufficient_evidence,[],"A timeout leaves the remote merge outcome unknown. It does not establish host fault, conflict, success, or definitive refusal.","Preserve the unresolved remote outcome; reconciliation is required before any outcome-dependent action, and no retry is authorized here.",AI provisional; not human-adjudicated ground truth
run-07-2,insufficient_evidence,[],"A timeout leaves the remote merge outcome unknown. It does not establish host fault, conflict, success, or definitive refusal.","Preserve the unresolved remote outcome; reconciliation is required before any outcome-dependent action, and no retry is authorized here.",AI provisional; not human-adjudicated ground truth
run-08-1,insufficient_evidence,[],"A receipt for head A is not evidence that the current candidate at head B passed, regardless of matching title or summary.",Reject the stale receipt as current-head certification; require evidence bound to head B before any separate action decision.,AI provisional; not human-adjudicated ground truth
run-08-2,insufficient_evidence,[],"A receipt for head A is not evidence that the current candidate at head B passed, regardless of matching title or summary.",Reject the stale receipt as current-head certification; require evidence bound to head B before any separate action decision.,AI provisional; not human-adjudicated ground truth
run-09-1,insufficient_evidence,[],Controller exit and a probable-cleanup summary do not establish descendant ownership or settlement. The narrative supplies no definite cause class.,"Preserve unknown descendant settlement; no cleanup-complete claim, deletion, or ownership release is authorized.",AI provisional; not human-adjudicated ground truth
run-09-2,insufficient_evidence,[],Controller exit and a probable-cleanup summary do not establish descendant ownership or settlement. The narrative supplies no definite cause class.,"Preserve unknown descendant settlement; no cleanup-complete claim, deletion, or ownership release is authorized.",AI provisional; not human-adjudicated ground truth
run-10-1,,"[{""condition"":""Only if humans explicitly define this class to include a known policy refusal that lies outside the fault/success ontology; the refusal itself is not uncertain."",""label"":""insufficient_evidence""},{""condition"":""Only if humans explicitly broaden this class to include policy gate refusal as well as actual integration conflicts; current materials do not do so."",""label"":""integration_conflict""}]","The refusal is definitive, but no allowed class explicitly represents policy refusal or held outcome. Candidate fault and success are contradicted; host/project fault and integration conflict are not established. This is a taxonomy gap, distinct from missing evidence.","Preserve the definitive refusal and held outcome. Do not infer candidate fault, merge success, or permission to bypass branch protection.",AI provisional; not human-adjudicated ground truth
run-10-2,,"[{""condition"":""Only if humans explicitly define this class to include a known policy refusal that lies outside the fault/success ontology; the refusal itself is not uncertain."",""label"":""insufficient_evidence""},{""condition"":""Only if humans explicitly broaden this class to include policy gate refusal as well as actual integration conflicts; current materials do not do so."",""label"":""integration_conflict""}]","The refusal is definitive, but no allowed class explicitly represents policy refusal or held outcome. Candidate fault and success are contradicted; host/project fault and integration conflict are not established. This is a taxonomy gap, distinct from missing evidence.","Preserve the definitive refusal and held outcome. Do not infer candidate fault, merge success, or permission to bypass branch protection.",AI provisional; not human-adjudicated ground truth
com-01-1,low,[],"One known static-table typo with a direct expected-text assertion is local, known work. No higher-level trigger is supplied.",Advisory assessment only; do not write the story or change dispatch choices.,AI provisional; not human-adjudicated ground truth
com-01-2,low,[],"One known static-table typo with a direct expected-text assertion is local, known work. No higher-level trigger is supplied.",Advisory assessment only; do not write the story or change dispatch choices.,AI provisional; not human-adjudicated ground truth
com-02-1,medium,[],"An established change crosses CLI parsing, query service, and output with specified edges and unchanged architecture: bounded work across components.",Advisory assessment only; complexity does not change queue order or priority and supplies no mutation authority.,AI provisional; not human-adjudicated ground truth
com-02-2,medium,[],"An established change crosses CLI parsing, query service, and output with specified edges and unchanged architecture: bounded work across components.",Advisory assessment only; complexity does not change queue order or priority and supplies no mutation authority.,AI provisional; not human-adjudicated ground truth
com-03-1,high,[],"Crash safety, rollback, concurrent writers, version compatibility, and an unresolved protocol constitute interacting invariants and uncertain work. Highest applicable level is high.",Advisory assessment only; a high label does not resolve the protocol or authorize execution.,AI provisional; not human-adjudicated ground truth
com-03-2,high,[],"Crash safety, rollback, concurrent writers, version compatibility, and an unresolved protocol constitute interacting invariants and uncertain work. Highest applicable level is high.",Advisory assessment only; a high label does not resolve the protocol or authorize execution.,AI provisional; not human-adjudicated ground truth
com-04-1,low,[],Urgency does not increase complexity. The described implementation remains a known local typo edit with no interacting behavior.,Keep urgency/priority separate from complexity; no queue or story changes are authorized.,AI provisional; not human-adjudicated ground truth
com-04-2,low,[],Urgency does not increase complexity. The described implementation remains a known local typo edit with no interacting behavior.,Keep urgency/priority separate from complexity; no queue or story changes are authorized.,AI provisional; not human-adjudicated ground truth
com-05-1,high,[],"Two lines can change unresolved cross-process ownership and descendant-settlement invariants after crashes. Semantic uncertainty, not edit length, determines high complexity.",Do not treat the short patch as proof of safe lease release or descendant settlement; advisory only.,AI provisional; not human-adjudicated ground truth
com-05-2,high,[],"Two lines can change unresolved cross-process ownership and descendant-settlement invariants after crashes. Semantic uncertainty, not edit length, determines high complexity.",Do not treat the short patch as proof of safe lease release or descendant settlement; advisory only.,AI provisional; not human-adjudicated ground truth
com-06-1,low,[],A known generator and direct source-mapping comparison make the stated work mechanical and bounded to a static table. Output size alone supplies no medium/high trigger.,"Advisory only; direct comparison remains necessary in an independently authorized implementation, with no execution performed here.",AI provisional; not human-adjudicated ground truth
com-06-2,low,[],A known generator and direct source-mapping comparison make the stated work mechanical and bounded to a static table. Output size alone supplies no medium/high trigger.,"Advisory only; direct comparison remains necessary in an independently authorized implementation, with no execution performed here.",AI provisional; not human-adjudicated ground truth
com-07-1,insufficient_evidence,"[{""condition"":""Only if concrete uncertain implementation work is supplied; a wholly missing task scope does not currently establish the high rubric."",""label"":""high""}]","The task scope is absent, so the rubric cannot be applied. The product default medium/unassessed is a storage fallback, not an evidentiary assessment or a classifier label to guess.",Do not set an explicit assessed flag or overwrite a value. Obtain task scope before assessment; any existing default remains unassessed.,AI provisional; not human-adjudicated ground truth
com-07-2,insufficient_evidence,"[{""condition"":""Only if concrete uncertain implementation work is supplied; a wholly missing task scope does not currently establish the high rubric."",""label"":""high""}]","The task scope is absent, so the rubric cannot be applied. The product default medium/unassessed is a storage fallback, not an evidentiary assessment or a classifier label to guess.",Do not set an explicit assessed flag or overwrite a value. Obtain task scope before assessment; any existing default remains unassessed.,AI provisional; not human-adjudicated ground truth
com-08-1,medium,"[{""condition"":""If the human panel requires specified edges/architecture before treating established multi-component settings work as bounded, the short task description may be inadequate for independent inference."",""label"":""insufficient_evidence""}]","Medium is provisionally supported by established multi-component work, independently of the manual selection. The explicit human choice is also medium but is not gold evidence that the rubric is satisfied. Humans must specify whether this task asks for rubric inference or merely reading the stored selection.","Preserve the explicit manual medium value and assessment state regardless of advisory label; no overwrite, reset, or dispatch-policy change is authorized.",AI provisional; not human-adjudicated ground truth
com-08-2,medium,"[{""condition"":""If the human panel requires specified edges/architecture before treating established multi-component settings work as bounded, the short task description may be inadequate for independent inference."",""label"":""insufficient_evidence""}]","Medium is provisionally supported by established multi-component work, independently of the manual selection. The explicit human choice is also medium but is not gold evidence that the rubric is satisfied. Humans must specify whether this task asks for rubric inference or merely reading the stored selection.","Preserve the explicit manual medium value and assessment state regardless of advisory label; no overwrite, reset, or dispatch-policy change is authorized.",AI provisional; not human-adjudicated ground truth
com-09-1,,"[{""condition"":""If the label target is the original submitted snapshot, the described local formatting fix is low; the result is stale and cannot be applied."",""label"":""low""},{""condition"":""If the target is the revised scope and concurrent store recovery entails interacting concurrency/recovery invariants, high is a reasonable provisional interpretation."",""label"":""high""},{""condition"":""If the target is the revised scope but the phrase concurrent store recovery lacks enough requirements to assess, abstain pending details."",""label"":""insufficient_evidence""}]",The payload combines an old input and a new scope without defining which version the classifier labels. Choosing low or high before freezing the assessment target confounds complexity with freshness. The target-version semantics require human resolution.,Discard the stale result and bind any fresh assessment to the revised scope/version. Neither an old low label nor a provisional new high label authorizes applying a result or writing the story.,AI provisional; not human-adjudicated ground truth
com-09-2,,"[{""condition"":""If the label target is the original submitted snapshot, the described local formatting fix is low; the result is stale and cannot be applied."",""label"":""low""},{""condition"":""If the target is the revised scope and concurrent store recovery entails interacting concurrency/recovery invariants, high is a reasonable provisional interpretation."",""label"":""high""},{""condition"":""If the target is the revised scope but the phrase concurrent store recovery lacks enough requirements to assess, abstain pending details."",""label"":""insufficient_evidence""}]",The payload combines an old input and a new scope without defining which version the classifier labels. Choosing low or high before freezing the assessment target confounds complexity with freshness. The target-version semantics require human resolution.,Discard the stale result and bind any fresh assessment to the revised scope/version. Neither an old low label nor a provisional new high label authorizes applying a result or writing the story.,AI provisional; not human-adjudicated ground truth
com-10-1,,"[{""condition"":""Only if the classifier contract explicitly maps structurally inapplicable non-executable epics to this class; missing child scopes alone must not imply epic dispatch eligibility."",""label"":""insufficient_evidence""}]","A typed epic with no implementation is structurally outside executable-child assessment. The rubric says engine lanes resolve each executable child, never an epic. The taxonomy lacks not_applicable; treating it as insufficient evidence would need an explicit human-approved contract.",Do not dispatch or assess the folder epic as an executable child and do not inherit an epic label across children. Assess each executable child separately when its scope is available.,AI provisional; not human-adjudicated ground truth
com-10-2,,"[{""condition"":""Only if the classifier contract explicitly maps structurally inapplicable non-executable epics to this class; missing child scopes alone must not imply epic dispatch eligibility."",""label"":""insufficient_evidence""}]","A typed epic with no implementation is structurally outside executable-child assessment. The rubric says engine lanes resolve each executable child, never an epic. The taxonomy lacks not_applicable; treating it as insufficient evidence would need an explicit human-approved contract.",Do not dispatch or assess the folder epic as an executable child and do not inherit an epic label across children. Assess each executable child separately when its scope is available.,AI provisional; not human-adjudicated ground truth
